Local SKU Code,Myntra SKU ID,SKU ID
BL4019AQUA_SKD-3XL,BNWMKASS55579656,55579656
BP10K12_Green_COD-3XL,BNWMCOORD111462618,111462618
BP10K12_Green_COD-4XL,BNWMCOORD111462619,111462619
BP10K12_Green_COD-5XL,BNWMCOORD111462620,111462620
BP10K12_Green_COD-6XL,BNWMCOORD111462621,111462621
BP10K12_Pink_COD-3XL,BNWMCOORD111462606,111462606
BP10K12_Pink_COD-4XL,BNWMCOORD111462608,111462608
BP10K12_Pink_COD-5XL,BNWMCOORD111462609,111462609
BP10K12_Pink_COD-6XL,BNWMCOORD111462612,111462612
BP10K14_Blue_COD-3XL,BNWMCOORD111462635,111462635
BP10K14_Blue_COD-4XL,BNWMCOORD111462636,111462636
BP10K14_Blue_COD-5XL,BNWMCOORD111462637,111462637
BP10K14_Blue_COD-6XL,BNWMCOORD111462638,111462638
BP10K14_PPL_COD-3XL,BNWMCOORD111462596,111462596
BP10K14_PPL_COD-4XL,BNWMCOORD111462597,111462597
BP10K14_PPL_COD-5XL,BNWMCOORD111462598,111462598
BP10K14_PPL_COD-6XL,BNWMCOORD111462599,111462599
BP10K16_Green_COD-3XL,BNWMCOORD111462622,111462622
BP10K16_Green_COD-4XL,BNWMCOORD111462623,111462623
BP10K16_Green_COD-5XL,BNWMCOORD111462624,111462624
BP10K16_Green_COD-6XL,BNWMCOORD111462625,111462625
BP10K16_Pink_COD-3XL,BNWMCOORD111462631,111462631
BP10K16_Pink_COD-4XL,BNWMCOORD111462632,111462632
BP10K16_Pink_COD-5XL,BNWMCOORD111462633,111462633
BP10K16_Pink_COD-6XL,BNWMCOORD111462634,111462634
BP10K18_PPL_COD-3XL,BNWMCOORD111476461,111476461
BP10K18_PPL_COD-4XL,BNWMCOORD111476462,111476462
BP10K18_PPL_COD-5XL,BNWMCOORD111476463,111476463
BP10K18_PPL_COD-6XL,BNWMCOORD111476464,111476464
BP10K18_Yellow_COD-3XL,BNWMCOORD111462614,111462614
BP10K18_Yellow_COD-4XL,BNWMCOORD111462615,111462615
BP10K18_Yellow_COD-5XL,BNWMCOORD111462616,111462616
BP10K18_Yellow_COD-6XL,BNWMCOORD111462617,111462617
BP10K20_Blue_COD-4XL,BNWMCOORD111462627,111462627
BP10K20_Blue_COD-5XL,BNWMCOORD111462628,111462628
BP10K20_Blue_COD-6XL,BNWMCOORD111462629,111462629
BP10K6_Mustard_COD-3XL,BNWMCOORD111462639,111462639
BP10K6_Mustard_COD-5XL,BNWMCOORD111462641,111462641
BP10K6_Mustard_COD-6XL,BNWMCOORD111462642,111462642
BP10K7_Blue_COD-3XL,BNWMCOORD111462601,111462601
BP10K7_Blue_COD-4XL,BNWMCOORD111462602,111462602
BP10K7_Blue_COD-5XL,BNWMCOORD111462603,111462603
BP10K7_Blue_COD-6XL,BNWMCOORD111462604,111462604
BP6041PINK_SKD-3XL,BNWMKASS75271712,75271712
BP6041PINK_SKD-4XL,BNWMKASS75271714,75271714
BP6041TEAL_SKD-3XL,BNWMKASS75271720,75271720
BP6065GRN_COD-5XL,BNWMCOORD76291354,76291354
BP6082GRN_DRS-3XL,BNWMDRSS75275692,75275692
BP6082GRN_DRS-4XL,BNWMDRSS75275698,75275698
BP6082GRN_DRS-5XL,BNWMDRSS75275700,75275700
BP6082GRN_DRS-6XL,BNWMDRSS75275702,75275702
BP6082MUST_DRS-3XL,BNWMDRSS75275680,75275680
BP6082MUST_DRS-4XL,BNWMDRSS75275682,75275682
BP6082MUST_DRS-5XL,BNWMDRSS75275684,75275684
BP6082MUST_DRS-6XL,BNWMDRSS75275686,75275686
BP6083BLUE_DRS-3XL,BNWMDRSS96343358,96343358
BP6083BLUE_DRS-4XL,BNWMDRSS96343359,96343359
BP6083BLUE_DRS-5XL,BNWMDRSS96343360,96343360
BP6083BLUE_DRS-6XL,BNWMDRSS96343361,96343361
BP6085BLUE_DRS-3XL,BNWMDRSS75275688,75275688
BP6085BLUE_DRS-4XL,BNWMDRSS75275690,75275690
BP6085BLUE_DRS-5XL,BNWMDRSS75275694,75275694
BP6085BLUE_DRS-6XL,BNWMDRSS75275696,75275696
BP7006BLK_COD-3XL,BNWMCOORD81356972,81356972
BP7006BLK_COD-4XL,BNWMCOORD81356978,81356978
BP7006BLK_COD-5XL,BNWMCOORD81356982,81356982
BP7006BLK_COD-6XL,BNWMCOORD81356990,81356990
BP7008Grey_COD-3XL,BNWMCOORD75268296,75268296
BP7008Grey_COD-4XL,BNWMCOORD75268298,75268298
BP7008Grey_COD-5XL,BNWMCOORD75268300,75268300
BP7008Grey_COD-6XL,BNWMCOORD75268302,75268302
BP7009MUST_COD-3XL,BNWMCLST73652406,73652406
BP7009MUST_COD-4XL,BNWMCLST73652408,73652408
BP7009MUST_COD-5XL,BNWMCLST73652410,73652410
BP7009MUST_COD-6XL,BNWMCLST73652412,73652412
BP7009ROSE_COD-3XL,BNWMCLST73652392,73652392
BP7009ROSE_COD-4XL,BNWMCLST73652400,73652400
BP7009ROSE_COD-5XL,BNWMCLST73652402,73652402
BP7009ROSE_COD-6XL,BNWMCLST73652404,73652404
BP7010BLUE_COD-3XL,BNWMCOORD77680438,77680438
BP7010BLUE_COD-4XL,BNWMCOORD77680440,77680440
BP7010BLUE_COD-5XL,BNWMCOORD77680442,77680442
BP7010BLUE_COD-6XL,BNWMCOORD77680444,77680444
BP7010WINE_COD-4XL,BNWMCLST73652394,73652394
BP7034YELL_KT-3XL,BNWMKRTI73365354,73365354
BP7047YELL_COD-3XL,BNWMCOORD75268312,75268312
BP7069AQUA_SKD-3XL,BNWMKASS77471580,77471580
BP7069AQUA_SKD-4XL,BNWMKASS77471582,77471582
BP7069PINK_SKD-3XL,BNWMKASS77471504,77471504
BP7069PINK_SKD-4XL,BNWMKASS77471506,77471506
BP7069PINK_SKD-5XL,BNWMKASS77471508,77471508
BP7070PINK_SKD-3XL,BNWMKASS77471512,77471512
BP7071GRN_COD-3XL,BNWMCOORD81357064,81357064
BP7071PINK_COD-3XL,BNWMCOORD81357108,81357108
BP7076BRN_COD-3XL,BNWMCOORD83984476,83984476
BP7076BRN_COD-4XL,BNWMCOORD83984484,83984484
BP7076BRN_COD-5XL,BNWMCOORD83984486,83984486
BP7076BRN_COD-6XL,BNWMCOORD83984488,83984488
BP7076Fuchsia_COD-3XL,BNWMCOORD83984466,83984466
BP7076Fuchsia_COD-4XL,BNWMCOORD83984468,83984468
BP7076Fuchsia_COD-5XL,BNWMCOORD83984486,83984486
BP7076Fuchsia_COD-6XL,BNWMCOORD83984472,83984472
BP7080GREY_COD-3XL,BNWMCOORD77680446,77680446
BP7080GREY_COD-4XL,BNWMCOORD77680450,77680450
BP7080GREY_COD-5XL,BNWMCOORD77680454,77680454
BP7080YELL_COD-3XL,BNWMCOORD77680466,77680466
BP7080YELL_COD-4XL,BNWMCOORD77680468,77680468
BP7080YELL_COD-5XL,BNWMCOORD77680470,77680470
BP7080YELL_COD-6XL,BNWMCOORD77680472,77680472
BP7083GRN_COD-3XL,BNWMCOORD77680158,77680158
BP7083GRN_COD-4XL,BNWMCOORD77680160,77680160
BP7083GRN_COD-5XL,BNWMCOORD77680162,77680162
BP7083PINK_COD-6XL,BNWMCOORD77680252,77680252
BP7084GRN_COD-3XL,BNWMCOORD77680204,77680204
BP7084GRN_COD-4XL,BNWMCOORD77680208,77680208
BP7084GRN_COD-5XL,BNWMCOORD77680212,77680212
BP7084GRN_COD-6XL,BNWMCOORD77680216,77680216
BP7084PINK_COD-3XL,BNWMCOORD77680314,77680314
BP7088MRN_COD-3XL,BNWMCOORD81357132,81357132
BP7088MRN_COD-4XL,BNWMCOORD81357136,81357136
BP7088NAVE_COD-3XL,BNWMCOORD81357142,81357142
BP7088NAVE_COD-5XL,BNWMCOORD81357146,81357146
BP7089GRN_COD-3XL,BNWMCOORD77680290,77680290
BP7089GRN_COD-4XL,BNWMCOORD77680292,77680292
BP7089PINK_COD-3XL,BNWMCOORD80985210,80985210
BP8022GREY_SKD-3XL,BNWMKASS81386998,81386998
BP8022GREY_SKD-4XL,BNWMKASS81387002,81387002
BP8022GREY_SKD-5XL,BNWMKASS81387006,81387006
BP8022RUST_SKD-3XL,BNWMKASS81386828,81386828
BP8022RUST_SKD-4XL,BNWMKASS81386840,81386840
BP8022RUST_SKD-5XL,BNWMKASS81386848,81386848
BP8032GRN_COD-3XL,BNWMCOORD81356976,81356976
BP8032GRN_COD-4XL,BNWMCOORD81356986,81356986
BP8032GRN_COD-5XL,BNWMCOORD81356996,81356996
BP8032GRN_COD-6XL,BNWMCOORD81357002,81357002
BP8032Mauve_COD-3XL,BNWMCOORD81356924,81356924
BP8032Mauve_COD-4XL,BNWMCOORD81356932,81356932
BP8032Mauve_COD-5XL,BNWMCOORD81356940,81356940
BP8032Mauve_COD-6XL,BNWMCOORD81356950,81356950
BP8034_BRN_COD-3XL,BNWMCOORD98984423,98984423
BP8034_BRN_COD-4XL,BNWMCOORD98984424,98984424
BP8034_BRN_COD-5XL,BNWMCOORD98984425,98984425
BP8034_BRN_COD-6XL,BNWMCOORD98984426,98984426
BP8034GREY_COD-3XL,BNWMCOORD81356920,81356920
BP8034GREY_COD-4XL,BNWMCOORD81356934,81356934
BP8034GREY_COD-5XL,BNWMCOORD81356944,81356944
BP8034GREY_COD-6XL,BNWMCOORD81356952,81356952
BP8034PINK_COD-3XL,BNWMCOORD81356926,81356926
BP8034PINK_COD-4XL,BNWMCOORD81356936,81356936
BP8034PINK_COD-5XL,BNWMCOORD81356946,81356946
BP8034PINK_COD-6XL,BNWMCOORD81356956,81356956
BP8038MULTI_COD-3XL,BNWMCOORD81356922,81356922
BP8038MULTI_COD-5XL,BNWMCOORD81356938,81356938
BP8038MULTI_COD-6XL,BNWMCOORD81356948,81356948
BP8039MRN_SKD-3XL,BNWMKASS81386934,81386934
BP8039MRN_SKD-4XL,BNWMKASS81386938,81386938
BP8039MRN_SKD-5XL,BNWMKASS81386942,81386942
BP8039MRN_SKD-6XL,BNWMKASS81386946,81386946
BP8039TEAL_SKD-3XL,BNWMKASS81386880,81386880
BP8039TEAL_SKD-4XL,BNWMKASS81386882,81386882
BP8039TEAL_SKD-5XL,BNWMKASS81386884,81386884
BP8039TEAL_SKD-6XL,BNWMKASS81386886,81386886
BP8043GRN_SKD-3XL,BNWMKASS81386830,81386830
BP8043GRN_SKD-4XL,BNWMKASS81386842,81386842
BP8044Beige_COD-3XL,BNWMCOORD81356974,81356974
BP8046Blue_COD-3XL,BNWMCOORD81357022,81357022
BP8046Blue_COD-6XL,BNWMCOORD81357034,81357034
BP8048GREY_COD-3XL,BNWMCOORD83984474,83984474
BP8048GREY_COD-4XL,BNWMCOORD83984478,83984478
BP8048GREY_COD-5XL,BNWMCOORD83984480,83984480
BP8048GREY_COD-6XL,BNWMCOORD83984482,83984482
BP8048PINK_COD-3XL,BNWMCOORD81357124,81357124
BP8048PINK_COD-4XL,BNWMCOORD81357126,81357126
BP8048PINK_COD-5XL,BNWMCOORD81357128,81357128
BP8048PINK_COD-6XL,BNWMCOORD81357130,81357130
BP8049GRN_SKD-3XL,BNWMKASS81386826,81386826
BP8049GRN_SKD-5XL,BNWMKASS81386844,81386844
BP8049GRN_SKD-6XL,BNWMKASS81386856,81386856
BP8050PPL_SKD-3XL,BNWMKASS81386890,81386890
BP8050PPL_SKD-4XL,BNWMKASS81386898,81386898
BP8050Red_SKD-4XL,BNWMKASS81386972,81386972
BP8051MRN_COD-3XL,BNWMCOORD81357048,81357048
BP8051MRN_COD-4XL,BNWMCOORD81357050,81357050
BP8051MRN_COD-5XL,BNWMCOORD81357052,81357052
BP8051MRN_COD-6XL,BNWMCOORD81357054,81357054
BP8052COORD_GREEN-3XL,BNWMCOORD98322249,98322249
BP8052Red_COD-3XL,BNWMCOORD81357056,81357056
BP8052Red_COD-4XL,BNWMCOORD81357058,81357058
BP8052Red_COD-5XL,BNWMCOORD81357060,81357060
BP8052Red_COD-6XL,BNWMCOORD81357062,81357062
BP8052TEAL_COD-3XL,BNWMCOORD81357220,81357220
BP8056BRN_COD-5XL,BNWMCOORD81357172,81357172
BP9002_Coord_Green-3XL,BNWMCOORD95185910,95185910
BP9002_Coord_Green-4XL,BNWMCOORD95185912,95185912
BP9002_Coord_Green-5XL,BNWMCOORD95185914,95185914
BP9002_Coord_Green-6XL,BNWMCOORD95185916,95185916
BP9002_Coord_Magenta-4XL,BNWMCOORD95185932,95185932
BP9002_Coord_Magenta-5XL,BNWMCOORD95185934,95185934
BP9002_Coord_Magenta-6XL,BNWMCOORD95185938,95185938
BP9003_Coord_Navy-3XL,BNWMCOORD95185894,95185894
BP9003_Coord_Navy-4XL,BNWMCOORD95185898,95185898
BP9003_Coord_Navy-5XL,BNWMCOORD95185900,95185900
BP9003_Coord_Navy-6XL,BNWMCOORD95185904,95185904
BP9003_Coord_Red-3XL,BNWMCOORD95185948,95185948
BP9003_Coord_Red-4XL,BNWMCOORD95185950,95185950
BP9003_Coord_Red-5XL,BNWMCOORD95185952,95185952
BP9003_Coord_Red-6XL,BNWMCOORD95185954,95185954
BP9004_Coord_Brown-3XL,BNWMCOORD95185918,95185918
BP9008_Coord_Aqua-6XL,BNWMCOORD95562388,95562388
BP9008_Coord_Pink-3XL,BNWMCOORD95562324,95562324
BP9008_Coord_Pink-4XL,BNWMCOORD95562330,95562330
BP9008_Coord_Pink-5XL,BNWMCOORD95562336,95562336
BP9008_Coord_Pink-6XL,BNWMCOORD95562342,95562342
BP9009AQUA_SKD-3XL,BNWMKASS95979671,95979671
BP9009AQUA_SKD-4XL,BNWMKASS95979673,95979673
BP9009AQUA_SKD-5XL,BNWMKASS95979675,95979675
BP9009AQUA_SKD-6XL,BNWMKASS95979676,95979676
BP9009PINK_SKD-3XL,BNWMKASS95979670,95979670
BP9009PINK_SKD-4XL,BNWMKASS95979672,95979672
BP9010AQUA_SKD-3XL,BNWMKASS95556088,95556088
BP9010PINK_SKD-3XL,BNWMKASS95556086,95556086
BP9011_Dress_Black_3XL,BNWMETHDR95185998,95185998
BP9011_Dress_Black_4XL,BNWMETHDR95186006,95186006
BP9011_Dress_Black_5XL,BNWMETHDR95186008,95186008
BP9011_Dress_Black_6XL,BNWMETHDR95186010,95186010
BP9011_Dress_Teal_3XL,BNWMETHDR95185996,95185996
BP9011_Dress_Teal_4XL,BNWMETHDR95186000,95186000
BP9011_Dress_Teal_5XL,BNWMETHDR95186002,95186002
BP9011_Dress_Teal_6XL,BNWMETHDR95186004,95186004
BP9012_Coord_Aqua-3XL,BNWMCOORD95562328,95562328
BP9012_Coord_Aqua-4XL,BNWMCOORD95562334,95562334
BP9012_Coord_Aqua-5XL,BNWMCOORD95562340,95562340
BP9012_Coord_Aqua-6XL,BNWMCOORD95562346,95562346
BP9012_Coord_Peach-4XL,BNWMCOORD95562376,95562376
BP9012_Coord_Peach-5XL,BNWMCOORD95562378,95562378
BP9012_Coord_Peach-6XL,BNWMCOORD95562380,95562380
BP9013_Coord_Lime-3XL,BNWMCOORD95562348,95562348
BP9013_Coord_Lime-4XL,BNWMCOORD95562350,95562350
BP9013_Coord_Lime-5XL,BNWMCOORD95562352,95562352
BP9013_Coord_Lime-6XL,BNWMCOORD95562354,95562354
BP9013_Coord_Mauve-3XL,BNWMCOORD95562326,95562326
BP9013_Coord_Mauve-4XL,BNWMCOORD95562332,95562332
BP9013_Coord_Mauve-5XL,BNWMCOORD95562338,95562338
BP9013_Coord_Mauve-6XL,BNWMCOORD95562344,95562344
BP9014_Coord_Green-4XL,BNWMCOORD95562368,95562368
BP9014_Coord_Peach-3XL,BNWMCOORD95562356,95562356
BP9014_Coord_Peach-4XL,BNWMCOORD95562358,95562358
BP9014_Coord_Peach-5XL,BNWMCOORD95562360,95562360
BP9014_Coord_Peach-6XL,BNWMCOORD95562362,95562362
BP9015_Dress_Blue-4XL,BNWMDRSS95572504,95572504
BP9015_Dress_Blue-6XL,BNWMDRSS95572508,95572508
BP9015_Dress_Mauve-6XL,BNWMDRSS95572500,95572500
BP9034_LGR_COD-3XL,BNWMCOORD98690777,98690777
BP9034_LGR_COD-4XL,BNWMCOORD98690778,98690778
BP9034_LGR_COD-5XL,BNWMCOORD98690779,98690779
BP9034_LGR_COD-6XL,BNWMCOORD98690780,98690780
BP9034_RED_COD-3XL,BNWMCOORD98690817,98690817
BP9034_RED_COD-4XL,BNWMCOORD98690818,98690818
BP9034_RED_COD-5XL,BNWMCOORD98690819,98690819
BP9036_BLU_COD-3XL,BNWMCOORD98892026,98892026
BP9036_BLU_COD-4XL,BNWMCOORD98892027,98892027
BP9036_BLU_COD-5XL,BNWMCOORD98892028,98892028
BP9036_PNK_COD-3XL,BNWMCOORD98322178,98322178
BP9036_PNK_COD-4XL,BNWMCOORD98322180,98322180
BP9036_PNK_COD-5XL,BNWMCOORD98322182,98322182
BP9036_PNK_COD-6XL,BNWMCOORD98322184,98322184
BP9043_RED_SKD-3XL,BNWMKASS98565645,98565645
BP9043_RED_SKD-4XL,BNWMKASS98565646,98565646
BP9043_RED_SKD-5XL,BNWMKASS98565647,98565647
BP9043_RED_SKD-6XL,BNWMKASS98565648,98565648
BP9043_YLO_SKD-3XL,BNWMKASS98565704,98565704
BP9043_YLO_SKD-4XL,BNWMKASS98565705,98565705
BP9044_BLK_SKD-3XL,BNWMKASS98565619,98565619
BP9044_BLK_SKD-4XL,BNWMKASS98565622,98565622
BP9044_BLK_SKD-5XL,BNWMKASS98565624,98565624
BP9044_BLK_SKD-6XL,BNWMKASS98565626,98565626
BP9044_FCS_SKD-3XL,BNWMKASS98565718,98565718
BP9044_FCS_SKD-4XL,BNWMKASS98565719,98565719
BP9044_FCS_SKD-5XL,BNWMKASS98565720,98565720
BP9044_FCS_SKD-6XL,BNWMKASS98565721,98565721
BP9046_BLK_COD-6XL,BNWMCOORD98322133,98322133
BP9050_FCS_COD-3XL,BNWMCOORD98322114,98322114
BP9050_FCS_COD-4XL,BNWMCOORD98322115,98322115
BP9050_PPL_COD-3XL,BNWMCOORD98322110,98322110
BP9050_PPL_COD-4XL,BNWMCOORD98322111,98322111
BP9050_PPL_COD-5XL,BNWMCOORD98322112,98322112
BP9050_PPL_COD-6XL,BNWMCOORD98322113,98322113
BP9061_PNK_SKD-3XL,BNWMKASS98565556,98565556
BP9061_TEL_SKD-3XL,BNWMKASS98565515,98565515
BP9062_FCS_SKD-3XL,BNWMKASS98565536,98565536
BP9062_FCS_SKD-4XL,BNWMKASS98565537,98565537
BP9062_FCS_SKD-5XL,BNWMKASS98565538,98565538
BP9062_FCS_SKD-6XL,BNWMKASS98565539,98565539
BP9062_PPL_SKD-3XL,BNWMKASS98565495,98565495
BP9062_PPL_SKD-4XL,BNWMKASS98565496,98565496
BP9062_PPL_SKD-5XL,BNWMKASS98565497,98565497
BP9062_PPL_SKD-6XL,BNWMKASS98565498,98565498
BP9063_BRN_SKD-3XL,BNWMKASS98565450,98565450
BP9063_BRN_SKD-4XL,BNWMKASS98565454,98565454
BP9063_BRN_SKD-5XL,BNWMKASS98565457,98565457
BP9063_BRN_SKD-6XL,BNWMKASS98565458,98565458
BP9063_PPL_SKD-3XL,BNWMKASS98565598,98565598
BP9063_PPL_SKD-4XL,BNWMKASS98565599,98565599
BP9063_PPL_SKD-5XL,BNWMKASS98565600,98565600
BP9063_PPL_SKD-6XL,BNWMKASS98565601,98565601
BP9065_BRN_COD-3XL,BNWMCOORD98892036,98892036
BP9065_BRN_COD-4XL,BNWMCOORD98892037,98892037
BP9065_BRN_COD-5XL,BNWMCOORD98892038,98892038
BP9065_BRN_COD-6XL,BNWMCOORD98892039,98892039
BPR8049BRN_SKD-3XL,BNWMKASS111466562,111466562
BPR8049BRN_SKD-4XL,BNWMKASS111466563,111466563
BPR8049BRN_SKD-5XL,BNWMKASS111466564,111466564
BPR8049BRN_SKD-6XL,BNWMKASS111466565,111466565
BW10K10_Green_COD-L,BNWMCOORD109391317,109391317
BW10K10_Green_COD-M,BNWMCOORD109391316,109391316
BW10K10_Green_COD-S,BNWMCOORD109391315,109391315
BW10K10_Green_COD-XL,BNWMCOORD109391318,109391318
BW10K10_Green_COD-XS,BNWMCOORD109391314,109391314
BW10K10_Green_COD-XXL,BNWMCOORD109391319,109391319
BW10K11_Multi_COD-L,BNWMCOORD109005902,109005902
BW10K11_Multi_COD-M,BNWMCOORD109005900,109005900
BW10K11_Multi_COD-S,BNWMCOORD109005899,109005899
BW10K11_Multi_COD-XL,BNWMCOORD109005904,109005904
BW10K11_Multi_COD-XS,BNWMCOORD109005897,109005897
BW10K11_Multi_COD-XXL,BNWMCOORD109005906,109005906
BW10K12_Green_COD-L,BNWMCOORD109005912,109005912
BW10K12_Green_COD-M,BNWMCOORD109005911,109005911
BW10K12_Green_COD-S,BNWMCOORD109005910,109005910
BW10K12_Green_COD-XL,BNWMCOORD109005913,109005913
BW10K12_Green_COD-XS,BNWMCOORD109005909,109005909
BW10K12_Green_COD-XXL,BNWMCOORD109005914,109005914
BW10K12_Pink_COD-L,BNWMCOORD109005975,109005975
BW10K12_Pink_COD-M,BNWMCOORD109005974,109005974
BW10K12_Pink_COD-XL,BNWMCOORD109005976,109005976
BW10K12_Pink_COD-XS,BNWMCOORD109005972,109005972
BW10K12_Pink_COD-XXL,BNWMCOORD109005977,109005977
BW10K14_Blue_COD-L,BNWMCOORD109005969,109005969
BW10K14_Blue_COD-M,BNWMCOORD109005968,109005968
BW10K14_Blue_COD-S,BNWMCOORD109005967,109005967
BW10K14_Blue_COD-XL,BNWMCOORD109005970,109005970
BW10K14_Blue_COD-XS,BNWMCOORD109005965,109005965
BW10K14_Blue_COD-XXL,BNWMCOORD109005971,109005971
BW10K14_PPL_COD-L,BNWMCOORD109005944,109005944
BW10K14_PPL_COD-M,BNWMCOORD109005943,109005943
BW10K14_PPL_COD-XL,BNWMCOORD109005945,109005945
BW10K14_PPL_COD-XS,BNWMCOORD109005941,109005941
BW10K14_PPL_COD-XXL,BNWMCOORD109005947,109005947
BW10K15_Olive_DRS-L,BNWMDRSS109391323,109391323
BW10K15_Olive_DRS-M,BNWMDRSS109391322,109391322
BW10K15_Olive_DRS-S,BNWMDRSS109391321,109391321
BW10K15_Olive_DRS-XL,BNWMDRSS109391324,109391324
BW10K15_Olive_DRS-XXL,BNWMDRSS109391325,109391325
BW10K16_Green_COD-M,BNWMCOORD109005949,109005949
BW10K16_Green_COD-S,BNWMCOORD109005948,109005948
BW10K16_Green_COD-XL,BNWMCOORD109005951,109005951
BW10K16_Green_COD-XS,BNWMCOORD109005946,109005946
BW10K16_Green_COD-XXL,BNWMCOORD109005952,109005952
BW10K16_Pink_COD-M,BNWMCOORD109005918,109005918
BW10K16_Pink_COD-S,BNWMCOORD109005917,109005917
BW10K16_Pink_COD-XL,BNWMCOORD109005920,109005920
BW10K16_Pink_COD-XS,BNWMCOORD109005916,109005916
BW10K17_Brown_DRS-L,BNWMDRSS109391306,109391306
BW10K17_Brown_DRS-M,BNWMDRSS109391305,109391305
BW10K17_Brown_DRS-S,BNWMDRSS109391304,109391304
BW10K17_Brown_DRS-XL,BNWMDRSS109391307,109391307
BW10K17_Brown_DRS-XS,BNWMDRSS109391303,109391303
BW10K17_Brown_DRS-XXL,BNWMDRSS109391309,109391309
BW10K17_Green_DRS-L,BNWMDRSS109391251,109391251
BW10K17_Green_DRS-M,BNWMDRSS109391250,109391250
BW10K17_Green_DRS-S,BNWMDRSS109391249,109391249
BW10K17_Green_DRS-XL,BNWMDRSS109391252,109391252
BW10K17_Green_DRS-XS,BNWMDRSS109391248,109391248
BW10K17_Green_DRS-XXL,BNWMDRSS109391253,109391253
BW10K18_LGreen_COD-L,BNWMCOORD109005905,109005905
BW10K18_LGreen_COD-M,BNWMCOORD109005903,109005903
BW10K18_LGreen_COD-S,BNWMCOORD109005901,109005901
BW10K18_LGreen_COD-XL,BNWMCOORD109005907,109005907
BW10K18_LGreen_COD-XS,BNWMCOORD109005898,109005898
BW10K18_LGreen_COD-XXL,BNWMCOORD109005908,109005908
BW10K18_PPL_COD-L,BNWMCOORD109005926,109005926
BW10K18_PPL_COD-M,BNWMCOORD109005925,109005925
BW10K18_PPL_COD-S,BNWMCOORD109005924,109005924
BW10K18_PPL_COD-XL,BNWMCOORD109005928,109005928
BW10K18_PPL_COD-XXL,BNWMCOORD109005929,109005929
BW10K20_Blue_COD-L,BNWMCOORD109005938,109005938
BW10K20_Blue_COD-M,BNWMCOORD109005937,109005937
BW10K20_Blue_COD-S,BNWMCOORD109005936,109005936
BW10K20_Blue_COD-XL,BNWMCOORD109005939,109005939
BW10K20_Blue_COD-XXL,BNWMCOORD109005940,109005940
BW10K20_Olive_COD-S,BNWMCOORD109005930,109005930
BW10K20_Olive_COD-XS,BNWMCOORD109005927,109005927
BW10K24_Beige_DRS-S,BNWMDRSS109391308,109391308
BW10K24_Green_DRS-S,BNWMDRSS109391285,109391285
BW10K26_Green_COD-L,BNWMCOORD111698898,111698898
BW10K26_Green_COD-M,BNWMCOORD111698897,111698897
BW10K26_Green_COD-S,BNWMCOORD111698896,111698896
BW10K26_Green_COD-XL,BNWMCOORD111698899,111698899
BW10K26_Green_COD-XXL,BNWMCOORD111698900,111698900
BW10K26_Navy_COD-L,BNWMCOORD111698938,111698938
BW10K26_Navy_COD-S,BNWMCOORD111698936,111698936
BW10K26_Navy_COD-XL,BNWMCOORD111698939,111698939
BW10K26_Navy_COD-XXL,BNWMCOORD111698940,111698940
BW10K28_Brown_WTC-L,BNWMWACO109391242,109391242
BW10K28_Brown_WTC-M,BNWMWACO109391240,109391240
BW10K28_Brown_WTC-S,BNWMWACO109391238,109391238
BW10K28_Brown_WTC-XL,BNWMWACO109391244,109391244
BW10K28_Brown_WTC-XS,BNWMWACO109391236,109391236
BW10K28_Brown_WTC-XXL,BNWMWACO109391246,109391246
BW10K28_Grey_WTC-M,BNWMWACO109391360,109391360
BW10K28_Grey_WTC-S,BNWMWACO109391359,109391359
BW10K28_Grey_WTC-XL,BNWMWACO109391362,109391362
BW10K28_Grey_WTC-XS,BNWMWACO109391358,109391358
BW10K28_Grey_WTC-XXL,BNWMWACO109391363,109391363
BW10K29_Blue_WTC-L,BNWMWACO109391243,109391243
BW10K29_Blue_WTC-M,BNWMWACO109391241,109391241
BW10K29_Blue_WTC-S,BNWMWACO109391239,109391239
BW10K29_Blue_WTC-XL,BNWMWACO109391245,109391245
BW10K29_Blue_WTC-XS,BNWMWACO109391237,109391237
BW10K29_Blue_WTC-XXL,BNWMWACO109391247,109391247
BW10K29_Green_WTC-L,BNWMWACO109391269,109391269
BW10K29_Green_WTC-M,BNWMWACO109391268,109391268
BW10K29_Green_WTC-S,BNWMWACO109391267,109391267
BW10K29_Green_WTC-XL,BNWMWACO109391270,109391270
BW10K29_Green_WTC-XS,BNWMWACO109391266,109391266
BW10K29_Green_WTC-XXL,BNWMWACO109391271,109391271
BW10K34_BLUE_COD-L,Not Listed,#N/A
BW10K34_BLUE_COD-M,Not Listed,#N/A
BW10K34_BLUE_COD-S,Not Listed,#N/A
BW10K34_BLUE_COD-XL,Not Listed,#N/A
BW10K34_BLUE_COD-XS,Not Listed,#N/A
BW10K34_BLUE_COD-XXL,Not Listed,#N/A
BW10K34_GREEN_COD-L,Not Listed,#N/A
BW10K34_GREEN_COD-M,Not Listed,#N/A
BW10K34_GREEN_COD-XL,Not Listed,#N/A
BW10K34_GREEN_COD-XXL,Not Listed,#N/A
BW10K39_Brown_TOP-L,BNWMTOPS109391383,109391383
BW10K39_Brown_TOP-S,BNWMTOPS109391381,109391381
BW10K4_Blue_COD-L,BNWMCOORD109391263,109391263
BW10K4_Blue_COD-M,BNWMCOORD109391262,109391262
BW10K4_Blue_COD-S,BNWMCOORD109391261,109391261
BW10K4_Blue_COD-XL,BNWMCOORD109391264,109391264
BW10K4_Blue_COD-XS,BNWMCOORD109391260,109391260
BW10K4_Blue_COD-XXL,BNWMCOORD109391265,109391265
BW10K4_Pink_COD-L,BNWMCOORD109391372,109391372
BW10K4_Pink_COD-M,BNWMCOORD109391371,109391371
BW10K4_Pink_COD-S,BNWMCOORD109391370,109391370
BW10K4_Pink_COD-XL,BNWMCOORD109391373,109391373
BW10K4_Pink_COD-XS,BNWMCOORD109391369,109391369
BW10K4_Pink_COD-XXL,BNWMCOORD109391374,109391374
BW10K5_Blue_DRS-L,BNWMDRSS109391257,109391257
BW10K5_Blue_DRS-M,BNWMDRSS109391256,109391256
BW10K5_Blue_DRS-S,BNWMDRSS109391255,109391255
BW10K5_Blue_DRS-XL,BNWMDRSS109391258,109391258
BW10K5_Blue_DRS-XS,BNWMDRSS109391254,109391254
BW10K5_Blue_DRS-XXL,BNWMDRSS109391259,109391259
BW10K5_Pink_DRS-S,BNWMDRSS109391274,109391274
BW10K5_Pink_DRS-XXL,BNWMDRSS109391282,109391282
BW10K6_Mustard_COD-L,BNWMCOORD109005987,109005987
BW10K6_Mustard_COD-M,BNWMCOORD109005986,109005986
BW10K6_Mustard_COD-S,BNWMCOORD109005985,109005985
BW10K6_Mustard_COD-XL,BNWMCOORD109005988,109005988
BW10K6_Mustard_COD-XS,BNWMCOORD109005984,109005984
BW10K6_Mustard_COD-XXL,BNWMCOORD109005989,109005989
BW10K7_Blue_COD-L,BNWMCOORD109005999,109005999
BW10K7_Blue_COD-M,BNWMCOORD109005998,109005998
BW10K7_Blue_COD-S,BNWMCOORD109005997,109005997
BW10K7_Blue_COD-XL,BNWMCOORD109006000,109006000
BW10K7_Blue_COD-XS,BNWMCOORD109005996,109005996
BW10K7_Blue_COD-XXL,BNWMCOORD109006001,109006001
BW10K8_Black_COD-L,BNWMCOORD109391233,109391233
BW10K8_Black_COD-M,BNWMCOORD109391232,109391232
BW10K8_Black_COD-S,BNWMCOORD109391231,109391231
BW10K8_Black_COD-XL,BNWMCOORD109391234,109391234
BW10K8_Black_COD-XS,BNWMCOORD109391230,109391230
BW10K8_Black_COD-XXL,BNWMCOORD109391235,109391235
BW10K9_Black_DRS-L,BNWMDRSS109391329,109391329
BW10K9_Black_DRS-M,BNWMDRSS109391328,109391328
BW10K9_Black_DRS-S,BNWMDRSS109391327,109391327
BW10K9_Black_DRS-XL,BNWMDRSS109391330,109391330
BW10K9_Black_DRS-XS,BNWMDRSS109391326,109391326
BW10K9_Black_DRS-XXL,BNWMDRSS109391331,109391331
BW10K9_Red_DRS-L,BNWMDRSS109391342,109391342
BW10K9_Red_DRS-M,BNWMDRSS109391341,109391341
BW10K9_Red_DRS-S,BNWMDRSS109391340,109391340
BW10K9_Red_DRS-XL,BNWMDRSS109391343,109391343
BW10K9_Red_DRS-XS,BNWMDRSS109391339,109391339
BW10K9_Red_DRS-XXL,BNWMDRSS109391344,109391344
BW6065GRN_COD-L,BNWMCLST69129740,69129740
BW6065GRN_COD-M,BNWMCLST69129738,69129738
BW6065GRN_COD-S,BNWMCLST69129736,69129736
BW6065GRN_COD-XXL,BNWMCLST69129744,69129744
BW6066GRN_DRS-XXL,BNWMDRSS69428688,69428688
BW6066PINK_DRS-XXL,BNWMDRSS69428668,69428668
BW6079FUS_SKD-XXL,BNWMKASS70348298,70348298
BW6080BLUE_DRS-L,BNWMDRSS69428634,69428634
BW6080BLUE_DRS-M,BNWMDRSS69428632,69428632
BW6080BLUE_DRS-S,BNWMDRSS69428630,69428630
BW6080BLUE_DRS-XL,BNWMDRSS69428636,69428636
BW6080BLUE_DRS-XXL,BNWMDRSS69428638,69428638
BW6080YELL_DRS-M,BNWMDRSS69428672,69428672
BW6080YELL_DRS-S,BNWMDRSS69428670,69428670
BW6082GRN_DRS-S,BNWMDRSS69428550,69428550
BW6082MUST_DRS-L,BNWMDRSS69428544,69428544
BW6082MUST_DRS-M,BNWMDRSS69428542,69428542
BW6082MUST_DRS-S,BNWMDRSS69428536,69428536
BW6082MUST_DRS-XL,BNWMDRSS69428546,69428546
BW6082MUST_DRS-XXL,BNWMDRSS69428548,69428548
BW6083BLUE_DRS-L,BNWMDRSS69428564,69428564
BW6083BLUE_DRS-M,BNWMDRSS69428562,69428562
BW6083BLUE_DRS-S,BNWMDRSS69428560,69428560
BW6083BLUE_DRS-XL,BNWMDRSS69428566,69428566
BW6083BLUE_DRS-XS,BNWMDRSS100377488,100377488
BW6083BLUE_DRS-XXL,BNWMDRSS69428568,69428568
BW6085BLUE_DRS-L,BNWMDRSS69428526,69428526
BW6085BLUE_DRS-M,BNWMDRSS69428522,69428522
BW6085BLUE_DRS-S,BNWMDRSS69428520,69428520
BW6085BLUE_DRS-XL,BNWMDRSS69428528,69428528
BW6085BLUE_DRS-XS,BNWMDRSS100377494,100377494
BW6085BLUE_DRS-XXL,BNWMDRSS69428532,69428532
BW6087GRN_SKD-XXL,BNWMKASS72670742,72670742
BW6087WINE_SKD-L,BNWMKASS70348204,70348204
BW6087WINE_SKD-M,BNWMKASS70348202,70348202
BW6087WINE_SKD-S,BNWMKASS70348200,70348200
BW6087WINE_SKD-XL,BNWMKASS70348206,70348206
BW6087WINE_SKD-XXL,BNWMKASS70348208,70348208
BW6097GRN_SKD-XXL,BNWMKASS72670690,72670690
BW7001BLUE_COD-L,BNWMCLST69129660,69129660
BW7001BLUE_COD-XXL,BNWMCLST69129664,69129664
BW7001PINK_COD-L,BNWMCLST69129610,69129610
BW7002BEIGE_COD-L,BNWMCOORD96668557,96668557
BW7002BEIGE_COD-M,BNWMCOORD96668554,96668554
BW7002BEIGE_COD-S,BNWMCOORD96668551,96668551
BW7002BEIGE_COD-XL,BNWMCOORD96668561,96668561
BW7002BEIGE_COD-XS,BNWMCOORD96668548,96668548
BW7002BEIGE_COD-XXL,BNWMCOORD96668563,96668563
BW7002BRN_COD-L,BNWMCLST69129620,69129620
BW7002BRN_COD-M,BNWMCLST69129618,69129618
BW7002BRN_COD-S,BNWMCLST69129616,69129616
BW7002BRN_COD-XL,BNWMCLST69129622,69129622
BW7002BRN_COD-XS,BNWMCOORD75301654,75301654
BW7002BRN_COD-XXL,BNWMCLST69129624,69129624
BW7003RUST_COD-M,BNWMCLST69129628,69129628
BW7003RUST_COD-S,BNWMCLST69129626,69129626
BW7003RUST_COD-XL,BNWMCLST69129632,69129632
BW7003RUST_COD-XXL,BNWMCLST69129634,69129634
BW7006BLK_COD-L,BNWMCLST69129680,69129680
BW7006BLK_COD-M,BNWMCLST69129678,69129678
BW7006BLK_COD-S,BNWMCLST69129676,69129676
BW7006BLK_COD-XL,BNWMCLST69129682,69129682
BW7006BLK_COD-XS,BNWMCOORD75301662,75301662
BW7006BLK_COD-XXL,BNWMCLST69129684,69129684
BW7006COORD_BLUE-L,BNWMCOORD96251606,96251606
BW7006COORD_BLUE-M,BNWMCOORD96251605,96251605
BW7006COORD_BLUE-S,BNWMCOORD96251604,96251604
BW7006COORD_BLUE-XL,BNWMCOORD96251607,96251607
BW7006COORD_BLUE-XS,BNWMCOORD96251603,96251603
BW7006COORD_BLUE-XXL,BNWMCOORD96251608,96251608
BW7006COORD_PINK-L,BNWMCOORD96251590,96251590
BW7006COORD_PINK-M,BNWMCOORD96251588,96251588
BW7006COORD_PINK-S,BNWMCOORD96251587,96251587
BW7006COORD_PINK-XL,BNWMCOORD96251592,96251592
BW7006COORD_PINK-XS,BNWMCOORD96251585,96251585
BW7006COORD_PINK-XXL,BNWMCOORD96251594,96251594
BW7006MUST_COD-L,BNWMCLST69129760,69129760
BW7006MUST_COD-M,BNWMCLST69129758,69129758
BW7006MUST_COD-S,BNWMCLST69129756,69129756
BW7006MUST_COD-XL,BNWMCLST69129762,69129762
BW7006MUST_COD-XS,BNWMCOORD75301634,75301634
BW7006MUST_COD-XXL,BNWMCLST69129764,69129764
BW7008GREY_COD-L,BNWMCLST69129790,69129790
BW7008GREY_COD-M,BNWMCLST69129788,69129788
BW7008GREY_COD-S,BNWMCLST69129786,69129786
BW7008GREY_COD-XL,BNWMCLST69129792,69129792
BW7008GREY_COD-XS,BNWMCOORD75301650,75301650
BW7008GREY_COD-XXL,BNWMCLST69129794,69129794
BW7008PEH_COD-S,BNWMCLST69129776,69129776
BW7008PEH_COD-XS,BNWMCOORD75301644,75301644
BW7009MUST_COD-L,BNWMCLST69129840,69129840
BW7009MUST_COD-M,BNWMCLST69129838,69129838
BW7009MUST_COD-S,BNWMCLST69129832,69129832
BW7009MUST_COD-XL,BNWMCLST69129842,69129842
BW7009MUST_COD-XS,BNWMCOORD75301640,75301640
BW7009MUST_COD-XXL,BNWMCLST69129844,69129844
BW7009ROSE_COD-L,BNWMCLST69129850,69129850
BW7009ROSE_COD-M,BNWMCLST69129848,69129848
BW7009ROSE_COD-S,BNWMCLST69129846,69129846
BW7009ROSE_COD-XL,BNWMCLST69129852,69129852
BW7009ROSE_COD-XS,BNWMCOORD75301636,75301636
BW7009ROSE_COD-XXL,BNWMCLST69129854,69129854
BW7010BLUE_COD-L,BNWMCLST69129880,69129880
BW7010BLUE_COD-M,BNWMCLST69129878,69129878
BW7010BLUE_COD-S,BNWMCLST69129876,69129876
BW7010BLUE_COD-XL,BNWMCLST69129882,69129882
BW7010BLUE_COD-XS,BNWMCOORD75301660,75301660
BW7010BLUE_COD-XXL,BNWMCLST69129884,69129884
BW7010WINE_COD-S,BNWMCLST69129856,69129856
BW7010WINE_COD-XS,BNWMCOORD75301638,75301638
BW7011YELL_SKD-M,BNWMKASS70348250,70348250
BW7017TOP_BLK-S,BNWMTOPS90017494,90017494
BW7017TOP_BLK-XL,BNWMTOPS90017500,90017500
BW7017TOP_BLK-XS,BNWMTOPS90017492,90017492
BW7017TOP_CREAM-L,BNWMTOPS71603364,71603364
BW7017TOP_CREAM-M,BNWMTOPS71603362,71603362
BW7017TOP_CREAM-S,BNWMTOPS71603360,71603360
BW7017TOP_PINK-S,BNWMTOPS71603370,71603370
BW7018TOP_PINK-L,BNWMTOPS71603384,71603384
BW7018TOP_PINK-M,BNWMTOPS71603382,71603382
BW7018TOP_PINK-S,BNWMTOPS71603380,71603380
BW7018TOP_PINK-XL,BNWMTOPS71603386,71603386
BW7018TOP_PINK-XXL,BNWMTOPS71603388,71603388
BW7018TOP_WHT-L,BNWMTOPS71614476,71614476
BW7018TOP_WHT-M,BNWMTOPS71614474,71614474
BW7018TOP_WHT-S,BNWMTOPS71614472,71614472
BW7018TOP_WHT-XL,BNWMTOPS71614478,71614478
BW7018TOP_WHT-XXL,BNWMTOPS71614480,71614480
BW7027GRN_KT-XL,BNWMKRTI69966120,69966120
BW7027GRN_KT-XXL,BNWMKRTI69966122,69966122
BW7029BRN_KT-XL,BNWMKRTI69966020,69966020
BW7029BRN_KT-XXL,BNWMKRTI69966022,69966022
BW7033PINK_KT-L,BNWMKRTI69965990,69965990
BW7033PINK_KT-XL,BNWMKRTI69965992,69965992
BW7034RED_KT-M,BNWMKRTI69966066,69966066
BW7034RED_KT-XXL,BNWMKRTI69966072,69966072
BW7034YELL_KT-L,BNWMKRTI69966058,69966058
BW7034YELL_KT-M,BNWMKRTI69966056,69966056
BW7034YELL_KT-S,BNWMKRTI69966054,69966054
BW7034YELL_KT-XL,BNWMKRTI69966060,69966060
BW7034YELL_KT-XXL,BNWMKRTI69966062,69966062
BW7036PINK_KT-L,BNWMKRTI70519996,70519996
BW7036PINK_KT-M,BNWMKRTI70519994,70519994
BW7036PINK_KT-S,BNWMKRTI70519992,70519992
BW7036PINK_KT-XL,BNWMKRTI70519998,70519998
BW7042BLK_DRS-M,BNWMDRSS70591182,70591182
BW7042BLK_DRS-XL,BNWMDRSS70591186,70591186
BW7047PINK_COD-XL,BNWMCOORD72725812,72725812
BW7047PINK_COD-XXL,BNWMCOORD72725814,72725814
BW7047YELL_COD-L,BNWMCOORD72725802,72725802
BW7047YELL_COD-M,BNWMCOORD72725800,72725800
BW7047YELL_COD-S,BNWMCOORD72725796,72725796
BW7047YELL_COD-XL,BNWMCOORD72725806,72725806
BW7047YELL_COD-XXL,BNWMCOORD72725810,72725810
BW7062BLK_COD-L,BNWMCLST74463756,74463756
BW7062BLK_COD-M,BNWMCLST74463754,74463754
BW7062BLK_COD-S,BNWMCLST74463752,74463752
BW7062BLK_COD-XL,BNWMCLST74463758,74463758
BW7062TEAL_COD-L,BNWMCLST74463684,74463684
BW7062TEAL_COD-M,BNWMCLST74463682,74463682
BW7062TEAL_COD-S,BNWMCLST74463680,74463680
BW7062TEAL_COD-XL,BNWMCLST74463686,74463686
BW7062TEAL_COD-XS,BNWMCLST74463678,74463678
BW7063CREAM_COD-L,BNWMCLST74463660,74463660
BW7063CREAM_COD-M,BNWMCLST74463658,74463658
BW7063CREAM_COD-S,BNWMCLST74463656,74463656
BW7063CREAM_COD-XL,BNWMCLST74463662,74463662
BW7063CREAM_COD-XS,BNWMCLST74463654,74463654
BW7063CREAM_COD-XXL,BNWMCLST74463664,74463664
BW7066BLK_COD-L,BNWMCLST74463612,74463612
BW7066BLK_COD-M,BNWMCLST74463610,74463610
BW7066BLK_COD-S,BNWMCLST74463608,74463608
BW7066BLK_COD-XL,BNWMCLST74463614,74463614
BW7066BLK_COD-XS,BNWMCLST74463606,74463606
BW7066BLK_COD-XXL,BNWMCLST74463616,74463616
BW7070BLUE_COD-L,BNWMCLST74524332,74524332
BW7070BLUE_COD-M,BNWMCLST74524330,74524330
BW7070BLUE_COD-S,BNWMCLST74524328,74524328
BW7070BLUE_COD-XL,BNWMCLST74524334,74524334
BW7070BLUE_COD-XS,BNWMCLST74524326,74524326
BW7070BLUE_COD-XXL,BNWMCLST74524336,74524336
BW7070RED_COD-L,BNWMCLST74524320,74524320
BW7070RED_COD-M,BNWMCLST74524318,74524318
BW7070RED_COD-S,BNWMCLST74524316,74524316
BW7070RED_COD-XL,BNWMCLST74524322,74524322
BW7070RED_COD-XS,BNWMCLST74524314,74524314
BW7070RED_COD-XXL,BNWMCLST74524324,74524324
BW7071GRN_COD-M,BNWMCLST74463578,74463578
BW7071GRN_COD-XS,BNWMCLST74463570,74463570
BW7071PINK_COD-S,BNWMCLST74463644,74463644
BW7071PINK_COD-XS,BNWMCLST74463642,74463642
BW7072GRN_COD-L,BNWMCLST74463696,74463696
BW7072GRN_COD-M,BNWMCLST74463694,74463694
BW7072GRN_COD-S,BNWMCLST74463692,74463692
BW7072GRN_COD-XL,BNWMCLST74463698,74463698
BW7072ORG_COD-L,BNWMCLST74463720,74463720
BW7072ORG_COD-M,BNWMCLST74463718,74463718
BW7072ORG_COD-S,BNWMCLST74463716,74463716
BW7072ORG_COD-XL,BNWMCLST74463722,74463722
BW7072ORG_COD-XS,BNWMCLST74463714,74463714
BW7072ORG_COD-XXL,BNWMCLST74463724,74463724
BW7073BRN_COD-S,BNWMCLST74463576,74463576
BW7073TEAL_COD-L,BNWMCLST74463600,74463600
BW7073TEAL_COD-M,BNWMCLST74463598,74463598
BW7073TEAL_COD-S,BNWMCLST74463596,74463596
BW7073TEAL_COD-XL,BNWMCLST74463602,74463602
BW7073TEAL_COD-XS,BNWMCLST74463594,74463594
BW7076BRN_COD-L,BNWMCOORD77688136,77688136
BW7076BRN_COD-XS,BNWMCOORD77688124,77688124
BW7076FUSHIYA_COD-S,BNWMCOORD77680404,77680404
BW7076FUSHIYA_COD-XS,BNWMCOORD77680402,77680402
BW7078GRN_DRS-L,BNWMDRSS77301284,77301284
BW7078GRN_DRS-M,BNWMDRSS77301282,77301282
BW7078GRN_DRS-S,BNWMDRSS77301280,77301280
BW7078GRN_DRS-XL,BNWMDRSS77301286,77301286
BW7078GRN_DRS-XS,BNWMDRSS77301278,77301278
BW7078GRN_DRS-XXL,BNWMDRSS77301288,77301288
BW7078MRN_DRS-L,BNWMDRSS77301254,77301254
BW7078MRN_DRS-M,BNWMDRSS77301250,77301250
BW7078MRN_DRS-S,BNWMDRSS77301246,77301246
BW7078MRN_DRS-XL,BNWMDRSS77301258,77301258
BW7078MRN_DRS-XS,BNWMDRSS77301242,77301242
BW7078MRN_DRS-XXL,BNWMDRSS77301262,77301262
BW7079GRN_DRS-S,BNWMDRSS77301248,77301248
BW7079GRN_DRS-XXL,BNWMDRSS77301264,77301264
BW7079PINK_DRS-L,BNWMDRSS77301272,77301272
BW7079PINK_DRS-M,BNWMDRSS77301270,77301270
BW7079PINK_DRS-S,BNWMDRSS77301268,77301268
BW7079PINK_DRS-XL,BNWMDRSS77301274,77301274
BW7079PINK_DRS-XS,BNWMDRSS77301266,77301266
BW7079PINK_DRS-XXL,BNWMDRSS77301276,77301276
BW7080GREY_COD-L,BNWMCOORD77680396,77680396
BW7080GREY_COD-M,BNWMCOORD77680392,77680392
BW7080GREY_COD-S,BNWMCOORD77680388,77680388
BW7080GREY_COD-XL,BNWMCOORD77680398,77680398
BW7080GREY_COD-XS,BNWMCOORD77680382,77680382
BW7080GREY_COD-XXL,BNWMCOORD77680400,77680400
BW7080YELL_COD-L,BNWMCOORD77680492,77680492
BW7080YELL_COD-M,BNWMCOORD77680490,77680490
BW7080YELL_COD-S,BNWMCOORD77680488,77680488
BW7080YELL_COD-XL,BNWMCOORD77680494,77680494
BW7080YELL_COD-XS,BNWMCOORD77680486,77680486
BW7080YELL_COD-XXL,BNWMCOORD77680496,77680496
BW7081GRN_COD-L,BNWMCOORD77680460,77680460
BW7081GRN_COD-M,BNWMCOORD77680456,77680456
BW7081GRN_COD-S,BNWMCOORD77680452,77680452
BW7081GRN_COD-XL,BNWMCOORD77680462,77680462
BW7081GRN_COD-XS,BNWMCOORD77680448,77680448
BW7081GRN_COD-XXL,BNWMCOORD77680464,77680464
BW7081MGNT_COD-XXL,BNWMCOORD77688158,77688158
BW7081MULTI_COD-L,BNWMCOORD86026030,86026030
BW7081MULTI_COD-S,BNWMCOORD86026026,86026026
BW7081MULTI_COD-XS,BNWMCOORD86026024,86026024
BW7081MULTI_COD-XXL,BNWMCOORD86026034,86026034
BW7081MUST_COD-L,BNWMCOORD77680284,77680284
BW7081MUST_COD-M,BNWMCOORD77680282,77680282
BW7081MUST_COD-S,BNWMCOORD77680280,77680280
BW7081MUST_COD-XL,BNWMCOORD77680286,77680286
BW7081MUST_COD-XS,BNWMCOORD77680274,77680274
BW7081MUST_COD-XXL,BNWMCOORD77680288,77680288
BW7083GRN_COD-L,BNWMCOORD77680316,77680316
BW7083GRN_COD-M,BNWMCOORD77680312,77680312
BW7083GRN_COD-S,BNWMCOORD77680308,77680308
BW7083GRN_COD-XL,BNWMCOORD77680320,77680320
BW7083GRN_COD-XS,BNWMCOORD77680302,77680302
BW7083GRN_COD-XXL,BNWMCOORD77680324,77680324
BW7084GRN_COD-M,BNWMCOORD77680356,77680356
BW7084GRN_COD-S,BNWMCOORD77680352,77680352
BW7084GRN_COD-XL,BNWMCOORD77680362,77680362
BW7084GRN_COD-XXL,BNWMCOORD77680364,77680364
BW7084PINK_COD-L,BNWMCOORD77680184,77680184
BW7084PINK_COD-M,BNWMCOORD77680182,77680182
BW7084PINK_COD-S,BNWMCOORD77680178,77680178
BW7084PINK_COD-XL,BNWMCOORD77680186,77680186
BW7084PINK_COD-XS,BNWMCOORD77680174,77680174
BW7084PINK_COD-XXL,BNWMCOORD77680188,77680188
BW7087GRN_COD-L,BNWMCOORD77688138,77688138
BW7087GRN_COD-M,BNWMCOORD77688134,77688134
BW7087GRN_COD-S,BNWMCOORD77688130,77688130
BW7087GRN_COD-XL,BNWMCOORD77688142,77688142
BW7087GRN_COD-XS,BNWMCOORD77688126,77688126
BW7087GRN_COD-XXL,BNWMCOORD77688146,77688146
BW7087RED_COD-L,BNWMCOORD77680214,77680214
BW7087RED_COD-M,BNWMCOORD77680210,77680210
BW7087RED_COD-S,BNWMCOORD77680206,77680206
BW7087RED_COD-XL,BNWMCOORD77680218,77680218
BW7087RED_COD-XS,BNWMCOORD77680202,77680202
BW7087RED_COD-XXL,BNWMCOORD77680220,77680220
BW7088NAVE_COD-M,BNWMCOORD78272454,78272454
BW7088NAVE_COD-XXL,BNWMCOORD78272466,78272466
BW7089GRN_COD-L,BNWMCOORD77680306,77680306
BW7089GRN_COD-M,BNWMCOORD77680304,77680304
BW7089GRN_COD-S,BNWMCOORD77680300,77680300
BW7089GRN_COD-XL,BNWMCOORD77680310,77680310
BW7089GRN_COD-XXL,BNWMCOORD77680318,77680318
BW7089PINK_COD-M,BNWMCOORD77680270,77680270
BW7089PINK_COD-S,BNWMCOORD77680268,77680268
BW8001GREY_COD-L,BNWMCOORD77680422,77680422
BW8001GREY_COD-M,BNWMCOORD77680420,77680420
BW8001GREY_COD-S,BNWMCOORD77680416,77680416
BW8001GREY_COD-XL,BNWMCOORD77680426,77680426
BW8001GREY_COD-XS,BNWMCOORD77680414,77680414
BW8001GREY_COD-XXL,BNWMCOORD77680430,77680430
BW8001PEACH_COD-L,BNWMCOORD77680480,77680480
BW8001PEACH_COD-M,BNWMCOORD77680478,77680478
BW8001PEACH_COD-S,BNWMCOORD77680476,77680476
BW8001PEACH_COD-XL,BNWMCOORD77680482,77680482
BW8001PEACH_COD-XS,BNWMCOORD77680474,77680474
BW8001PEACH_COD-XXL,BNWMCOORD77680484,77680484
BW8008YELL_COD-L,BNWMCOORD77680372,77680372
BW8008YELL_COD-M,BNWMCOORD77680370,77680370
BW8008YELL_COD-S,BNWMCOORD77680368,77680368
BW8008YELL_COD-XL,BNWMCOORD77680374,77680374
BW8008YELL_COD-XS,BNWMCOORD77680366,77680366
BW8008YELL_COD-XXL,BNWMCOORD77680376,77680376
BW8009PINK_COD-L,BNWMCOORD77680336,77680336
BW8009PINK_COD-M,BNWMCOORD77680334,77680334
BW8009PINK_COD-S,BNWMCOORD77680332,77680332
BW8009PINK_COD-XL,BNWMCOORD77680338,77680338
BW8009PINK_COD-XS,BNWMCOORD77680330,77680330
BW8009PINK_COD-XXL,BNWMCOORD77680340,77680340
BW8012YELL_SKD-S,BNWMKASS77471608,77471608
BW8013CREAM_SKD-M,BNWMKASS77471522,77471522
BW8013CREAM_SKD-S,BNWMKASS77471520,77471520
BW8014TURQ_SKD-M,BNWMKASS77471590,77471590
BW8015RGRN_SKD-L,BNWMKASS77471534,77471534
BW8017GRN_SKD-L,BNWMKASS85706996,85706996
BW8017GRN_SKD-M,BNWMKASS85706994,85706994
BW8017GRN_SKD-XL,BNWMKASS85707000,85707000
BW8017GRN_SKD-XXL,BNWMKASS85707002,85707002
BW8021GRN_COD-L,BNWMCOORD77680350,77680350
BW8021GRN_COD-S,BNWMCOORD77680344,77680344
BW8021GRN_COD-XXL,BNWMCOORD77680358,77680358
BW8022GREY_SKD-L,BNWMKASS78332070,78332070
BW8022GREY_SKD-M,BNWMKASS78332066,78332066
BW8022GREY_SKD-S,BNWMKASS78332062,78332062
BW8022GREY_SKD-XL,BNWMKASS78332072,78332072
BW8022GREY_SKD-XXL,BNWMKASS78332076,78332076
BW8022Rust_COD-M,BNWMKASS82718052,82718052
BW8022RUST_SKD-L,BNWMKASS82718048,82718048
BW8022RUST_SKD-M,BNWMKASS82718052,82718052
BW8022RUST_SKD-XL,BNWMKASS82718060,82718060
BW8022RUST_SKD-XXL,BNWMKASS82718064,82718064
BW8024RED_SKD-XXL,BNWMKASS79603200,79603200
BW8025YELL_SKD-L,BNWMKASS78332144,78332144
BW8025YELL_SKD-M,BNWMKASS78332142,78332142
BW8025YELL_SKD-XL,BNWMKASS78332146,78332146
BW8025YELL_SKD-XXL,BNWMKASS78332148,78332148
BW8028LIME_SKD-L,BNWMKASS78332094,78332094
BW8028LIME_SKD-M,BNWMKASS78332092,78332092
BW8028LIME_SKD-XL,BNWMKASS78332096,78332096
BW8028PINK_SKD-L,Not Listed,#N/A
BW8028PINK_SKD-S,Not Listed,#N/A
BW8028PINK_SKD-XL,Not Listed,#N/A
BW8029AQUA_SKD-L,BNWMKASS78332044,78332044
BW8029AQUA_SKD-S,BNWMKASS78332040,78332040
BW8029AQUA_SKD-XL,BNWMKASS78332046,78332046
BW8029PINK_SKD-L,BNWMKASS81273276,81273276
BW8029PINK_SKD-M,BNWMKASS81273266,81273266
BW8029PINK_SKD-S,BNWMKASS81273254,81273254
BW8029PINK_SKD-XL,BNWMKASS81273286,81273286
BW8031RED_SKD-L,BNWMKASS81273288,81273288
BW8031RED_SKD-M,BNWMKASS81273274,81273274
BW8031RED_SKD-XL,BNWMKASS81273300,81273300
BW8031RED_SKD-XXL,BNWMKASS81273308,81273308
BW8032GRN_COD-L,BNWMCOORD78272456,78272456
BW8032GRN_COD-M,BNWMCOORD78272452,78272452
BW8032GRN_COD-S,BNWMCOORD78272448,78272448
BW8032GRN_COD-XL,BNWMCOORD78272460,78272460
BW8032GRN_COD-XS,BNWMCOORD78272444,78272444
BW8032GRN_COD-XXL,BNWMCOORD78272464,78272464
BW8032MAUVE_COD-L,BNWMCOORD78272412,78272412
BW8032MAUVE_COD-M,BNWMCOORD78272408,78272408
BW8032MAUVE_COD-S,BNWMCOORD78272404,78272404
BW8032MAUVE_COD-XL,BNWMCOORD78272416,78272416
BW8032MAUVE_COD-XS,BNWMCOORD78272398,78272398
BW8032MAUVE_COD-XXL,BNWMCOORD78272418,78272418
BW8034_BLK_COD-S,BNWMCOORD98892007,98892007
BW8034_BLK_COD-XS,BNWMCOORD98892006,98892006
BW8034_BLK_COD-XXL,BNWMCOORD98892011,98892011
BW8034_BRN_COD-L,BNWMCOORD98322103,98322103
BW8034_BRN_COD-M,BNWMCOORD98322101,98322101
BW8034_BRN_COD-S,BNWMCOORD98322100,98322100
BW8034_BRN_COD-XL,BNWMCOORD98322105,98322105
BW8034_BRN_COD-XS,BNWMCOORD98322098,98322098
BW8034_BRN_COD-XXL,BNWMCOORD98322107,98322107
BW8034GREY_COD-L,BNWMCOORD78272474,78272474
BW8034GREY_COD-M,BNWMCOORD78272472,78272472
BW8034GREY_COD-S,BNWMCOORD78272470,78272470
BW8034GREY_COD-XL,BNWMCOORD78272476,78272476
BW8034GREY_COD-XS,BNWMCOORD78272468,78272468
BW8034GREY_COD-XXL,BNWMCOORD78272478,78272478
BW8034PINK_COD-L,BNWMCOORD78272434,78272434
BW8034PINK_COD-M,BNWMCOORD78272430,78272430
BW8034PINK_COD-S,BNWMCOORD78272426,78272426
BW8034PINK_COD-XL,BNWMCOORD78272438,78272438
BW8034PINK_COD-XS,BNWMCOORD78272422,78272422
BW8034PINK_COD-XXL,BNWMCOORD78272442,78272442
BW8036MRN_SKD-L,BNWMKASS78332104,78332104
BW8036MRN_SKD-XXL,BNWMKASS78332108,78332108
BW8038MULTI_COD-L,BNWMCOORD79893188,79893188
BW8038MULTI_COD-M,BNWMCOORD79893184,79893184
BW8038MULTI_COD-S,BNWMCOORD79893180,79893180
BW8038MULTI_COD-XL,BNWMCOORD79893192,79893192
BW8038MULTI_COD-XS,BNWMCOORD79893176,79893176
BW8038MULTI_COD-XXL,BNWMCOORD79893194,79893194
BW8040Pink_SKD-XL,BNWMKASS79603192,79603192
BW8043GRN_SKD-L,BNWMKASS81273284,81273284
BW8043GRN_SKD-M,BNWMKASS81273272,81273272
BW8043GRN_SKD-S,BNWMKASS81273260,81273260
BW8043GRN_SKD-XL,BNWMKASS81273296,81273296
BW8043GRN_SKD-XXL,BNWMKASS81273306,81273306
BW8043PINK_SKD-L,BNWMKASS81273320,81273320
BW8043PINK_SKD-M,BNWMKASS81273316,81273316
BW8043PINK_SKD-S,BNWMKASS81273312,81273312
BW8043PINK_SKD-XL,BNWMKASS81273324,81273324
BW8043PINK_SKD-XXL,BNWMKASS81273328,81273328
BW8044Beige_COD-L,BNWMCOORD81357086,81357086
BW8044Beige_COD-M,BNWMCOORD81357084,81357084
BW8044Beige_COD-S,BNWMCOORD81357082,81357082
BW8044Beige_COD-XL,BNWMCOORD81357088,81357088
BW8044Beige_COD-XS,BNWMCOORD81357080,81357080
BW8044Beige_COD-XXL,BNWMCOORD81357090,81357090
BW8045GRN_COD-M,BNWMCOORD82063712,82063712
BW8045GRN_COD-XS,BNWMCOORD82063704,82063704
BW8045GRN_COD-XXL,BNWMCOORD82063724,82063724
BW8045RUST_COD-M,BNWMCOORD82063714,82063714
BW8045RUST_COD-XS,BNWMCOORD82063706,82063706
BW8046Blue_COD-L,BNWMCOORD81357042,81357042
BW8046Blue_COD-M,BNWMCOORD81357040,81357040
BW8046Blue_COD-S,BNWMCOORD81357038,81357038
BW8046Blue_COD-XL,BNWMCOORD81357044,81357044
BW8046Blue_COD-XS,BNWMCOORD81357032,81357032
BW8046Blue_COD-XXL,BNWMCOORD81357046,81357046
BW8046BRN_COD-S,BNWMCOORD81357210,81357210
BW8046BRN_COD-XS,BNWMCOORD81357208,81357208
BW8048GREY_COD-L,BNWMCOORD80985232,80985232
BW8048GREY_COD-M,BNWMCOORD80985230,80985230
BW8048GREY_COD-S,BNWMCOORD80985226,80985226
BW8048GREY_COD-XL,BNWMCOORD80985234,80985234
BW8048GREY_COD-XS,BNWMCOORD80985214,80985214
BW8048GREY_COD-XXL,BNWMCOORD80985236,80985236
BW8048PINK_COD-L,BNWMCOORD80985244,80985244
BW8048PINK_COD-M,BNWMCOORD80985242,80985242
BW8048PINK_COD-S,BNWMCOORD80985240,80985240
BW8048PINK_COD-XL,BNWMCOORD80985246,80985246
BW8048PINK_COD-XS,BNWMCOORD80985238,80985238
BW8048PINK_COD-XXL,BNWMCOORD80985248,80985248
BW8049BRN_SKD-S,BNWMKASS81386834,81386834
BW8049BRN_SKD-XL,BNWMKASS81386870,81386870
BW8051_Cord_Rust-L,BNWMCOORD94016978,94016978
BW8051_Cord_Rust-M,BNWMCOORD94016976,94016976
BW8051_Cord_Rust-S,BNWMCOORD94016974,94016974
BW8051_Cord_Rust-XL,BNWMCOORD94016980,94016980
BW8051_Cord_Rust-XS,BNWMCOORD94016972,94016972
BW8051_Cord_Rust-XXL,BNWMCOORD94016982,94016982
BW8051MRN_COD-L,BNWMCOORD81357164,81357164
BW8051MRN_COD-M,BNWMCOORD81357162,81357162
BW8051MRN_COD-S,BNWMCOORD81357158,81357158
BW8051MRN_COD-XL,BNWMCOORD81357166,81357166
BW8051MRN_COD-XS,BNWMCOORD81357152,81357152
BW8051MRN_COD-XXL,BNWMCOORD81357168,81357168
BW8052COORD_BROWN-L,BNWMCOORD96251593,96251593
BW8052COORD_BROWN-M,BNWMCOORD96251591,96251591
BW8052COORD_BROWN-S,BNWMCOORD96251589,96251589
BW8052COORD_BROWN-XL,BNWMCOORD96251595,96251595
BW8052COORD_BROWN-XXL,BNWMCOORD96251596,96251596
BW8052COORD_GREEN-L,BNWMCOORD96251600,96251600
BW8052COORD_GREEN-M,BNWMCOORD96251599,96251599
BW8052COORD_GREEN-S,BNWMCOORD96251598,96251598
BW8052COORD_GREEN-XL,BNWMCOORD96251601,96251601
BW8052COORD_GREEN-XS,BNWMCOORD96251597,96251597
BW8052COORD_GREEN-XXL,BNWMCOORD96251602,96251602
BW8052Red_COD-L,BNWMCOORD81357202,81357202
BW8052Red_COD-M,BNWMCOORD81357200,81357200
BW8052Red_COD-S,BNWMCOORD81357198,81357198
BW8052Red_COD-XS,BNWMCOORD81357196,81357196
BW8052Teal_COD-L,BNWMCOORD81357182,81357182
BW8052Teal_COD-M,BNWMCOORD81357180,81357180
BW8052Teal_COD-S,BNWMCOORD81357178,81357178
BW8052Teal_COD-XL,BNWMCOORD81357184,81357184
BW8052Teal_COD-XS,BNWMCOORD81357176,81357176
BW8052Teal_COD-XXL,BNWMCOORD81357186,81357186
BW8053Blue_SKD-L,BNWMKASS81386982,81386982
BW8053Blue_SKD-M,BNWMKASS81386980,81386980
BW8053Blue_SKD-S,BNWMKASS81386978,81386978
BW8053Blue_SKD-XL,BNWMKASS81386984,81386984
BW8053Blue_SKD-XXL,BNWMKASS81386986,81386986
BW8053PPL_SKD-L,BNWMKASS81273282,81273282
BW8053PPL_SKD-M,BNWMKASS81273270,81273270
BW8053PPL_SKD-S,BNWMKASS81273256,81273256
BW8053PPL_SKD-XL,BNWMKASS81273294,81273294
BW8053PPL_SKD-XXL,BNWMKASS81273304,81273304
BW8056BRN_COD-L,BNWMCOORD82613758,82613758
BW8056BRN_COD-M,BNWMCOORD82613756,82613756
BW8056BRN_COD-S,BNWMCOORD82613754,82613754
BW8056BRN_COD-XL,BNWMCOORD82613760,82613760
BW8056BRN_COD-XS,BNWMCOORD82613752,82613752
BW8056BRN_COD-XXL,BNWMCOORD82613762,82613762
BW8056SBLUE_COD-L,BNWMCOORD81356966,81356966
BW8056SBLUE_COD-M,BNWMCOORD81356964,81356964
BW8056SBLUE_COD-S,BNWMCOORD81356962,81356962
BW8056SBLUE_COD-XL,BNWMCOORD81356968,81356968
BW8056SBLUE_COD-XS,BNWMCOORD81356960,81356960
BW8056SBLUE_COD-XXL,BNWMCOORD81356970,81356970
BW8058Grey_SKD-L,BNWMKASS81386916,81386916
BW8058Grey_SKD-M,BNWMKASS81386912,81386912
BW8058Grey_SKD-S,BNWMKASS81386902,81386902
BW8058Grey_SKD-XL,BNWMKASS81386922,81386922
BW8058Grey_SKD-XXL,BNWMKASS81386924,81386924
BW8058GRN_SKD-L,BNWMKASS100501990,100501990
BW8058GRN_SKD-M,BNWMKASS100501989,100501989
BW8058GRN_SKD-S,BNWMKASS100501988,100501988
BW8058GRN_SKD-XL,BNWMKASS100501991,100501991
BW8058GRN_SKD-XXL,BNWMKASS100501992,100501992
BW8058MUST_SKD-L,BNWMKASS81386964,81386964
BW8058MUST_SKD-M,BNWMKASS81386962,81386962
BW8058MUST_SKD-S,BNWMKASS81386960,81386960
BW8058MUST_SKD-XL,BNWMKASS81386966,81386966
BW8058MUST_SKD-XXL,BNWMKASS81386968,81386968
BW8058OGN_SKD-L,BNWMKASS100501995,100501995
BW8058OGN_SKD-M,BNWMKASS100501994,100501994
BW8058OGN_SKD-S,BNWMKASS100501993,100501993
BW8058OGN_SKD-XL,BNWMKASS100501996,100501996
BW8058OGN_SKD-XXL,BNWMKASS100501997,100501997
BW8059FUSH_SKD-L,BNWMKASS81387024,81387024
BW8059FUSH_SKD-M,BNWMKASS81387020,81387020
BW8059FUSH_SKD-S,BNWMKASS81387014,81387014
BW8059FUSH_SKD-XL,BNWMKASS81387028,81387028
BW8059FUSH_SKD-XXL,BNWMKASS81387030,81387030
BW8061FUSH_SKD-L,BNWMKASS81386944,81386944
BW8061FUSH_SKD-M,BNWMKASS81386940,81386940
BW8061FUSH_SKD-S,BNWMKASS81386936,81386936
BW8061FUSH_SKD-XL,BNWMKASS81386948,81386948
BW8061FUSH_SKD-XXL,BNWMKASS81386950,81386950
BW8062FUSH_COD-L,BNWMCOORD81507584,81507584
BW8062FUSH_COD-M,BNWMCOORD81507580,81507580
BW8062FUSH_COD-S,BNWMCOORD81507574,81507574
BW8062FUSH_COD-XL,BNWMCOORD81507590,81507590
BW8062FUSH_COD-XS,BNWMCOORD81507566,81507566
BW8062FUSH_COD-XXL,BNWMCOORD81507598,81507598
BW8065BLUE_SKD-L,BNWMKASS85707138,85707138
BW8065BLUE_SKD-M,BNWMKASS85707136,85707136
BW8065BLUE_SKD-XL,BNWMKASS85707140,85707140
BW8065BLUE_SKD-XXL,BNWMKASS85707142,85707142
BW8065RED_SKD-M,BNWMKASS85707046,85707046
BW8065RED_SKD-S,BNWMKASS85707044,85707044
BW8065RED_SKD-XL,BNWMKASS85707050,85707050
BW8065RED_SKD-XXL,BNWMKASS85707052,85707052
BW8066PEACH_SKD-L,BNWMKASS85707118,85707118
BW8066PEACH_SKD-M,BNWMKASS85707116,85707116
BW8066PEACH_SKD-S,BNWMKASS85707114,85707114
BW8066PEACH_SKD-XL,BNWMKASS85707120,85707120
BW8066PEACH_SKD-XXL,BNWMKASS85707122,85707122
BW8066PISTA_SKD-L,BNWMKASS85707008,85707008
BW8066PISTA_SKD-S,BNWMKASS85706998,85706998
BW8066PISTA_SKD-XL,BNWMKASS85707010,85707010
BW8066PISTA_SKD-XXL,BNWMKASS85707012,85707012
BW8067MRN_SKD-L,BNWMKASS85707128,85707128
BW8067MRN_SKD-M,BNWMKASS85707126,85707126
BW8067MRN_SKD-XXL,BNWMKASS85707132,85707132
BW8067WINE_SKD-M,BNWMKASS90091690,90091690
BW8067WINE_SKD-XXL,BNWMKASS90091708,90091708
BW8068BLUE_SKD-M,BNWMKASS85706980,85706980
BW8068BLUE_SKD-XL,BNWMKASS85706988,85706988
BW8068BLUE_SKD-XXL,BNWMKASS85706990,85706990
BW8068OPINK_SKD-XXL,BNWMKASS85707092,85707092
BW8069GRN_SKD-L,BNWMKASS85707248,85707248
BW8069GRN_SKD-S,BNWMKASS85707242,85707242
BW8069GRN_SKD-XL,BNWMKASS85707250,85707250
BW8069GRN_SKD-XXL,BNWMKASS85707252,85707252
BW8069PEACH_SKD-L,BNWMKASS85706914,85706914
BW8069PEACH_SKD-M,BNWMKASS85706908,85706908
BW8069PEACH_SKD-S,BNWMKASS85706904,85706904
BW8069PEACH_SKD-XL,BNWMKASS85706920,85706920
BW8069PEACH_SKD-XXL,BNWMKASS85706928,85706928
BW8070PINK_SKD-L,BNWMKASS85707038,85707038
BW8070PINK_SKD-M,BNWMKASS85707036,85707036
BW8070PINK_SKD-XL,BNWMKASS85707040,85707040
BW8070PINK_SKD-XXL,BNWMKASS85707042,85707042
BW8070RGRN_SKD-L,BNWMKASS85707150,85707150
BW8070RGRN_SKD-XL,BNWMKASS85707152,85707152
BW8070RGRN_SKD-XXL,BNWMKASS85707156,85707156
BW8071BRN_SKD-L,BNWMKASS85706946,85706946
BW8071BRN_SKD-S,BNWMKASS85706934,85706934
BW8071BRN_SKD-XL,BNWMKASS85706952,85706952
BW8071BRN_SKD-XXL,BNWMKASS85706958,85706958
BW8071MAUVE_SKD-L,BNWMKASS85707028,85707028
BW8071MAUVE_SKD-M,BNWMKASS85707026,85707026
BW8071MAUVE_SKD-S,BNWMKASS85707024,85707024
BW8071MAUVE_SKD-XL,BNWMKASS85707030,85707030
BW8071MAUVE_SKD-XXL,BNWMKASS85707032,85707032
BW8072BLUE_SKD-L,BNWMKASS85707258,85707258
BW8072BLUE_SKD-M,BNWMKASS85707256,85707256
BW8072BLUE_SKD-S,BNWMKASS85707254,85707254
BW8072BLUE_SKD-XL,BNWMKASS85707260,85707260
BW8072BLUE_SKD-XXL,BNWMKASS85707262,85707262
BW8072MRN_SKD-L,BNWMKASS85707178,85707178
BW8072MRN_SKD-S,BNWMKASS85707174,85707174
BW8072MRN_SKD-XL,BNWMKASS85707180,85707180
BW8072MRN_SKD-XXL,BNWMKASS85707182,85707182
BW8073BLUE_SKD-L,BNWMKASS85707188,85707188
BW8073BLUE_SKD-M,BNWMKASS85707186,85707186
BW8073BLUE_SKD-S,BNWMKASS85707184,85707184
BW8073BLUE_SKD-XL,BNWMKASS85707190,85707190
BW8073BLUE_SKD-XXL,BNWMKASS85707192,85707192
BW8073MRN_SKD-S,BNWMKASS85706962,85706962
BW8073MRN_SKD-XXL,BNWMKASS85706978,85706978
BW8074MAUVE_SKD-L,BNWMKASS85706918,85706918
BW8074MAUVE_SKD-M,BNWMKASS85706912,85706912
BW8074MAUVE_SKD-XL,BNWMKASS85706924,85706924
BW8074MAUVE_SKD-XXL,BNWMKASS85706930,85706930
BW8074RED_SKD-L,BNWMKASS85707268,85707268
BW8074RED_SKD-M,BNWMKASS85707266,85707266
BW8074RED_SKD-S,BNWMKASS85707264,85707264
BW8074RED_SKD-XL,BNWMKASS85707270,85707270
BW8074RED_SKD-XXL,BNWMKASS85707272,85707272
BW8075BLUE_SKD-L,BNWMKASS85707058,85707058
BW8075BLUE_SKD-M,BNWMKASS85707056,85707056
BW8075BLUE_SKD-S,BNWMKASS85707054,85707054
BW8075BLUE_SKD-XL,BNWMKASS85707060,85707060
BW8075BLUE_SKD-XXL,BNWMKASS85707062,85707062
BW8075MRN_SKD-L,BNWMKASS85707208,85707208
BW8075MRN_SKD-M,BNWMKASS85707206,85707206
BW8075MRN_SKD-S,BNWMKASS85707204,85707204
BW8075MRN_SKD-XL,BNWMKASS85707212,85707212
BW8075MRN_SKD-XXL,BNWMKASS85707214,85707214
BW8076BRN_SKD-L,BNWMKASS85707068,85707068
BW8076BRN_SKD-M,BNWMKASS85707066,85707066
BW8076BRN_SKD-S,BNWMKASS85707064,85707064
BW8076BRN_SKD-XL,BNWMKASS85707070,85707070
BW8076BRN_SKD-XXL,BNWMKASS85707072,85707072
BW8076MUST_SKD-L,BNWMKASS85706916,85706916
BW8076MUST_SKD-M,BNWMKASS85706910,85706910
BW8076MUST_SKD-S,BNWMKASS85706902,85706902
BW8076MUST_SKD-XL,BNWMKASS85706922,85706922
BW8076MUST_SKD-XXL,BNWMKASS85706926,85706926
BW8077BLUE_SKD-M,BNWMKASS85707166,85707166
BW8077BLUE_SKD-S,BNWMKASS85707164,85707164
BW8077BLUE_SKD-XXL,BNWMKASS85707172,85707172
BW8077WINE_SKD-L,BNWMKASS85706976,85706976
BW8077WINE_SKD-M,BNWMKASS85706972,85706972
BW8077WINE_SKD-S,BNWMKASS85706966,85706966
BW8077WINE_SKD-XL,BNWMKASS85706982,85706982
BW8077WINE_SKD-XXL,BNWMKASS85706986,85706986
BW8078MUST_SKD-S,BNWMKASS85707074,85707074
BW8079PINK_SKD-M,BNWMKASS85706938,85706938
BW8079PINK_SKD-S,BNWMKASS85706932,85706932
BW8082GRN_SKD-L,BNWMKASS85707108,85707108
BW8082GRN_SKD-M,BNWMKASS85707106,85707106
BW8082GRN_SKD-S,BNWMKASS85707104,85707104
BW8082GRN_SKD-XL,BNWMKASS85707110,85707110
BW8082GRN_SKD-XXL,BNWMKASS85707112,85707112
BW8082PINK_SKD-L,BNWMKASS85707198,85707198
BW8082PINK_SKD-M,BNWMKASS85707196,85707196
BW8082PINK_SKD-XL,BNWMKASS85707200,85707200
BW8082PINK_SKD-XXL,BNWMKASS85707202,85707202
BW8083GRN_SKD-L,BNWMKASS85707218,85707218
BW8083GRN_SKD-S,BNWMKASS85707210,85707210
BW8083GRN_SKD-XL,BNWMKASS85707220,85707220
BW8083GRN_SKD-XXL,BNWMKASS85707222,85707222
BW8083PINK_SKD-L,BNWMKASS85706948,85706948
BW8083PINK_SKD-XL,BNWMKASS85706956,85706956
BW8083PINK_SKD-XXL,BNWMKASS85706960,85706960
BW8084BLUE_SKD-L,BNWMKASS85707018,85707018
BW8084BLUE_SKD-M,BNWMKASS85707016,85707016
BW8084BLUE_SKD-S,BNWMKASS85707014,85707014
BW8084BLUE_SKD-XL,BNWMKASS85707020,85707020
BW8084BLUE_SKD-XXL,BNWMKASS85707022,85707022
BW8084MRN_SKD-L,BNWMKASS85707278,85707278
BW8084MRN_SKD-M,BNWMKASS85707276,85707276
BW8084MRN_SKD-S,BNWMKASS85707274,85707274
BW8084MRN_SKD-XL,BNWMKASS85707280,85707280
BW8084MRN_SKD-XXL,BNWMKASS85707282,85707282
BW8085RGRN_SKD-L,BNWMKASS85707098,85707098
BW8085RGRN_SKD-M,BNWMKASS85707096,85707096
BW8085RGRN_SKD-S,BNWMKASS85707094,85707094
BW8087MRN_SKD-L,BNWMKASS85707288,85707288
BW8087MRN_SKD-M,BNWMKASS85707286,85707286
BW8087MRN_SKD-S,BNWMKASS85707284,85707284
BW8087MRN_SKD-XL,BNWMKASS85707290,85707290
BW8087MRN_SKD-XXL,BNWMKASS85707292,85707292
BW9001_Coord_Blue-L,BNWMCOORD94016834,94016834
BW9001_Coord_Blue-S,BNWMCOORD94016830,94016830
BW9001_Coord_Blue-XL,BNWMCOORD94016836,94016836
BW9001_Coord_Blue-XS,BNWMCOORD94016828,94016828
BW9001_Coord_Blue-XXL,BNWMCOORD94016838,94016838
BW9002_Coord_Green-L,BNWMCOORD94016810,94016810
BW9002_Coord_Green-M,BNWMCOORD94016808,94016808
BW9002_Coord_Green-S,BNWMCOORD94016806,94016806
BW9002_Coord_Green-XL,BNWMCOORD94016812,94016812
BW9002_Coord_Green-XS,BNWMCOORD94016804,94016804
BW9002_Coord_Green-XXL,BNWMCOORD94016814,94016814
BW9002_Coord_Magenta-L,BNWMCOORD94016882,94016882
BW9002_Coord_Magenta-M,BNWMCOORD94016880,94016880
BW9002_Coord_Magenta-S,BNWMCOORD94016878,94016878
BW9002_Coord_Magenta-XL,BNWMCOORD94016886,94016886
BW9003_Coord_Navy-L,BNWMCOORD94016846,94016846
BW9003_Coord_Navy-M,BNWMCOORD94016844,94016844
BW9003_Coord_Navy-S,BNWMCOORD94016842,94016842
BW9003_Coord_Navy-XL,BNWMCOORD94016848,94016848
BW9003_Coord_Navy-XS,BNWMCOORD94016840,94016840
BW9003_Coord_Navy-XXL,BNWMCOORD94016850,94016850
BW9003_Coord_Red-L,BNWMCOORD94016966,94016966
BW9003_Coord_Red-M,BNWMCOORD94016964,94016964
BW9003_Coord_Red-S,BNWMCOORD94016962,94016962
BW9003_Coord_Red-XL,BNWMCOORD94016968,94016968
BW9003_Coord_Red-XS,BNWMCOORD94016960,94016960
BW9003_Coord_Red-XXL,BNWMCOORD94016970,94016970
BW9004_Coord_Brown-M,BNWMCOORD94016916,94016916
BW9004_Coord_Brown-S,BNWMCOORD94016914,94016914
BW9004_Coord_Brown-XL,BNWMCOORD94016920,94016920
BW9004_Coord_Brown-XS,BNWMCOORD94016912,94016912
BW9004_Coord_Brown-XXL,BNWMCOORD94016922,94016922
BW9004_Coord_Green-S,BNWMCOORD95185930,95185930
BW9004_Coord_Green-XS,BNWMCOORD95185926,95185926
BW9007_Dress_Aqua_L,BNWMETHDR94053388,94053388
BW9007_Dress_Aqua_S,BNWMETHDR94053378,94053378
BW9007_Dress_Mustard_L,BNWMETHDR94053396,94053396
BW9007_Dress_Mustard_M,BNWMETHDR94053390,94053390
BW9007_Dress_Mustard_S,BNWMETHDR94053384,94053384
BW9007_Dress_Mustard_XL,BNWMETHDR94053400,94053400
BW9007_Dress_Mustard_XS,BNWMETHDR94053374,94053374
BW9008_Coord_Aqua-S,BNWMCOORD94016818,94016818
BW9008_Coord_Aqua-XL,BNWMCOORD94016824,94016824
BW9008_Coord_Aqua-XS,BNWMCOORD94016816,94016816
BW9008_Coord_Aqua-XXL,BNWMCOORD94016826,94016826
BW9008_Coord_Pink-L,BNWMCOORD94016798,94016798
BW9008_Coord_Pink-M,BNWMCOORD94016796,94016796
BW9008_Coord_Pink-S,BNWMCOORD94016794,94016794
BW9008_Coord_Pink-XL,BNWMCOORD94016800,94016800
BW9008_Coord_Pink-XS,BNWMCOORD94016792,94016792
BW9008_Coord_Pink-XXL,BNWMCOORD94016802,94016802
BW9009AQUA_SKD-L,BNWMKASS94298806,94298806
BW9009AQUA_SKD-M,BNWMKASS94298798,94298798
BW9009AQUA_SKD-XL,BNWMKASS94298812,94298812
BW9009AQUA_SKD-XS,BNWMKASS94298792,94298792
BW9009AQUA_SKD-XXL,BNWMKASS94298814,94298814
BW9009PINK_SKD-L,BNWMKASS94298822,94298822
BW9009PINK_SKD-S,BNWMKASS94298818,94298818
BW9009PINK_SKD-XL,BNWMKASS94298824,94298824
BW9009PINK_SKD-XS,BNWMKASS94298816,94298816
BW9009PINK_SKD-XXL,BNWMKASS94298826,94298826
BW9010AQUA_SKD-L,BNWMKASS94298772,94298772
BW9010AQUA_SKD-M,BNWMKASS94298770,94298770
BW9010AQUA_SKD-S,BNWMKASS94298768,94298768
BW9010AQUA_SKD-XL,BNWMKASS94298774,94298774
BW9010AQUA_SKD-XS,BNWMKASS94298766,94298766
BW9010AQUA_SKD-XXL,BNWMKASS94298776,94298776
BW9010PINK_SKD-L,BNWMKASS94298834,94298834
BW9010PINK_SKD-M,BNWMKASS94298832,94298832
BW9010PINK_SKD-XL,BNWMKASS94298836,94298836
BW9010PINK_SKD-XS,BNWMKASS94298828,94298828
BW9010PINK_SKD-XXL,BNWMKASS94298838,94298838
BW9011_Dress_Black_L,BNWMETHDR94053380,94053380
BW9011_Dress_Black_M,BNWMETHDR94053376,94053376
BW9011_Dress_Black_S,BNWMETHDR94053372,94053372
BW9011_Dress_Black_XL,BNWMETHDR94053386,94053386
BW9011_Dress_Black_XS,BNWMETHDR94053368,94053368
BW9011_Dress_Black_XXL,BNWMETHDR94053392,94053392
BW9011_Dress_Teal_L,BNWMETHDR94053410,94053410
BW9011_Dress_Teal_M,BNWMETHDR94053408,94053408
BW9011_Dress_Teal_S,BNWMETHDR94053406,94053406
BW9011_Dress_Teal_XL,BNWMETHDR94053412,94053412
BW9011_Dress_Teal_XS,BNWMETHDR94053404,94053404
BW9011_Dress_Teal_XXL,BNWMETHDR94053416,94053416
BW9012_Coord_Aqua-M,BNWMCOORD94016988,94016988
BW9012_Coord_Aqua-S,BNWMCOORD94016986,94016986
BW9012_Coord_Aqua-XS,BNWMCOORD94016984,94016984
BW9012_Coord_Aqua-XXL,BNWMCOORD94016994,94016994
BW9012_Coord_Peach-L,BNWMCOORD94016954,94016954
BW9012_Coord_Peach-M,BNWMCOORD94016952,94016952
BW9012_Coord_Peach-S,BNWMCOORD94016950,94016950
BW9012_Coord_Peach-XL,BNWMCOORD94016956,94016956
BW9012_Coord_Peach-XS,BNWMCOORD94016948,94016948
BW9012_Coord_Peach-XXL,BNWMCOORD94016958,94016958
BW9013_Coord_Lime-L,BNWMCOORD94016858,94016858
BW9013_Coord_Lime-M,BNWMCOORD94016856,94016856
BW9013_Coord_Lime-S,BNWMCOORD94016854,94016854
BW9013_Coord_Lime-XL,BNWMCOORD94016860,94016860
BW9013_Coord_Lime-XS,BNWMCOORD94016852,94016852
BW9013_Coord_Mauve-S,BNWMCOORD94016890,94016890
BW9013_Coord_Mauve-XS,BNWMCOORD94016884,94016884
BW9013_Coord_Mauve-XXL,BNWMCOORD94016898,94016898
BW9014_Coord_Green-XXL,BNWMCOORD94016910,94016910
BW9014_Coord_Peach-L,BNWMCOORD94016930,94016930
BW9014_Coord_Peach-M,BNWMCOORD94016928,94016928
BW9014_Coord_Peach-S,BNWMCOORD94016926,94016926
BW9014_Coord_Peach-XL,BNWMCOORD94016932,94016932
BW9014_Coord_Peach-XS,BNWMCOORD94016924,94016924
BW9014_Coord_Peach-XXL,BNWMCOORD94016934,94016934
BW9015_Dress_Blue_L,BNWMETHDR94053424,94053424
BW9015_Dress_Blue_M,BNWMETHDR94053422,94053422
BW9015_Dress_Blue_S,BNWMETHDR94053418,94053418
BW9015_Dress_Blue_XL,BNWMETHDR94053428,94053428
BW9015_Dress_Blue_XS,BNWMETHDR94053414,94053414
BW9015_Dress_Blue_XXL,BNWMETHDR94053432,94053432
BW9015_Dress_Mauve_L,BNWMETHDR94053434,94053434
BW9015_Dress_Mauve_M,BNWMETHDR94053430,94053430
BW9015_Dress_Mauve_S,BNWMETHDR94053426,94053426
BW9015_Dress_Mauve_XL,BNWMETHDR94053436,94053436
BW9015_Dress_Mauve_XS,BNWMETHDR94053420,94053420
BW9015_Dress_Mauve_XXL,BNWMETHDR94053438,94053438
BW9029YELLOW_SKD-L,BNWMKASS96043465,96043465
BW9030PINK_SKD-S,BNWMKASS96043448,96043448
BW9032BLUE_DRS-L,BNWMDRSS96226567,96226567
BW9032BLUE_DRS-M,BNWMDRSS96226564,96226564
BW9032BLUE_DRS-S,BNWMDRSS96226561,96226561
BW9032BLUE_DRS-XL,BNWMDRSS96226571,96226571
BW9032BLUE_DRS-XS,BNWMDRSS96226559,96226559
BW9032BLUE_DRS-XXL,BNWMDRSS96226574,96226574
BW9032GREEN_DRS-L,BNWMDRSS96226587,96226587
BW9032GREEN_DRS-M,BNWMDRSS96226585,96226585
BW9032GREEN_DRS-S,BNWMDRSS96226582,96226582
BW9032GREEN_DRS-XL,BNWMDRSS96226589,96226589
BW9032GREEN_DRS-XS,BNWMDRSS96226578,96226578
BW9032GREEN_DRS-XXL,BNWMDRSS96226591,96226591
BW9033GREEN_DRS-L,BNWMDRSS96226604,96226604
BW9033GREEN_DRS-M,BNWMDRSS96226602,96226602
BW9033GREEN_DRS-S,BNWMDRSS96226601,96226601
BW9033GREEN_DRS-XL,BNWMDRSS96226606,96226606
BW9033GREEN_DRS-XS,BNWMDRSS96226599,96226599
BW9033GREEN_DRS-XXL,BNWMDRSS96226608,96226608
BW9033PINK_DRS-L,BNWMDRSS96226580,96226580
BW9033PINK_DRS-M,BNWMDRSS96226577,96226577
BW9033PINK_DRS-S,BNWMDRSS96226576,96226576
BW9033PINK_DRS-XL,BNWMDRSS96226581,96226581
BW9033PINK_DRS-XS,BNWMDRSS96226575,96226575
BW9033PINK_DRS-XXL,BNWMDRSS96226583,96226583
BW9034_LGR_COD-L,BNWMCOORD98891995,98891995
BW9034_LGR_COD-M,BNWMCOORD98891994,98891994
BW9034_LGR_COD-S,BNWMCOORD98891993,98891993
BW9034_LGR_COD-XL,BNWMCOORD98891996,98891996
BW9034_LGR_COD-XS,BNWMCOORD98891992,98891992
BW9034_LGR_COD-XXL,BNWMCOORD98891997,98891997
BW9034_RED_COD-L,BNWMCOORD98690784,98690784
BW9034_RED_COD-S,BNWMCOORD98690782,98690782
BW9034_RED_COD-XL,BNWMCOORD98690785,98690785
BW9034_RED_COD-XXL,BNWMCOORD98690786,98690786
BW9035_BLK_COD-M,BNWMCOORD98690839,98690839
BW9035_BLK_COD-S,BNWMCOORD98690838,98690838
BW9035_BLK_COD-XL,BNWMCOORD98690841,98690841
BW9035_BLK_COD-XS,BNWMCOORD98690837,98690837
BW9035_BLK_COD-XXL,BNWMCOORD98690842,98690842
BW9035_GRN_COD-L,BNWMCOORD98690802,98690802
BW9035_GRN_COD-M,BNWMCOORD98690801,98690801
BW9035_GRN_COD-S,BNWMCOORD98690800,98690800
BW9035_GRN_COD-XL,BNWMCOORD98690803,98690803
BW9035_GRN_COD-XS,BNWMCOORD98690799,98690799
BW9035_GRN_COD-XXL,BNWMCOORD98690804,98690804
BW9036_BLU_COD-L,BNWMCOORD98322106,98322106
BW9036_BLU_COD-M,BNWMCOORD98322104,98322104
BW9036_BLU_COD-S,BNWMCOORD98322102,98322102
BW9036_BLU_COD-XL,BNWMCOORD98322108,98322108
BW9036_BLU_COD-XS,BNWMCOORD98322099,98322099
BW9036_BLU_COD-XXL,BNWMCOORD98322109,98322109
BW9036_PNK_COD-L,BNWMCOORD98690774,98690774
BW9036_PNK_COD-M,BNWMCOORD98690773,98690773
BW9036_PNK_COD-S,BNWMCOORD98690772,98690772
BW9036_PNK_COD-XL,BNWMCOORD98690775,98690775
BW9036_PNK_COD-XS,BNWMCOORD98690771,98690771
BW9036_PNK_COD-XXL,BNWMCOORD98690776,98690776
BW9037_AQU_SKD-L,BNWMKASS100886386,100886386
BW9037_AQU_SKD-M,BNWMKASS100886385,100886385
BW9037_AQU_SKD-S,BNWMKASS100886384,100886384
BW9037_AQU_SKD-XL,BNWMKASS100886387,100886387
BW9037_AQU_SKD-XXL,BNWMKASS100886388,100886388
BW9037_FCS_SKD-L,BNWMKASS101025455,101025455
BW9037_FCS_SKD-M,BNWMKASS101025454,101025454
BW9037_FCS_SKD-S,BNWMKASS101025453,101025453
BW9037_FCS_SKD-XL,BNWMKASS101025456,101025456
BW9037_FCS_SKD-XXL,BNWMKASS101025457,101025457
BW9038BRN_DRS-L,BNWMDRSS96866472,96866472
BW9038BRN_DRS-M,BNWMDRSS96866470,96866470
BW9038BRN_DRS-S,BNWMDRSS96866469,96866469
BW9038BRN_DRS-XL,BNWMDRSS96866474,96866474
BW9038BRN_DRS-XS,BNWMDRSS96866467,96866467
BW9038BRN_DRS-XXL,BNWMDRSS96866476,96866476
BW9038FUCH_DRS-L,BNWMDRSS96866475,96866475
BW9038FUCH_DRS-M,BNWMDRSS96866473,96866473
BW9038FUCH_DRS-S,BNWMDRSS96866471,96866471
BW9038FUCH_DRS-XL,BNWMDRSS96866477,96866477
BW9038FUCH_DRS-XS,BNWMDRSS96866468,96866468
BW9038FUCH_DRS-XXL,BNWMDRSS96866478,96866478
BW9039GREEN_DRS-L,BNWMDRSS96226596,96226596
BW9039GREEN_DRS-M,BNWMDRSS96226595,96226595
BW9039GREEN_DRS-S,BNWMDRSS96226594,96226594
BW9039GREEN_DRS-XL,BNWMDRSS96226597,96226597
BW9039GREEN_DRS-XS,BNWMDRSS96226593,96226593
BW9039GREEN_DRS-XXL,BNWMDRSS96226598,96226598
BW9039PINK_DRS-L,BNWMDRSS96226566,96226566
BW9039PINK_DRS-M,BNWMDRSS96226563,96226563
BW9039PINK_DRS-S,BNWMDRSS96226560,96226560
BW9039PINK_DRS-XL,BNWMDRSS96226569,96226569
BW9039PINK_DRS-XS,BNWMDRSS96226557,96226557
BW9039PINK_DRS-XXL,BNWMDRSS96226572,96226572
BW9040PINK_DRS-S,BNWMDRSS96226613,96226613
BW9040PINK_DRS-XS,BNWMDRSS96226612,96226612
BW9040PINK_DRS-XXL,BNWMDRSS96226620,96226620
BW9040YELLOW_DRS-XS,BNWMDRSS96226558,96226558
BW9040YELLOW_DRS-XXL,BNWMDRSS96226573,96226573
BW9041GREY_DRS-L,BNWMDRSS96226607,96226607
BW9041GREY_DRS-M,BNWMDRSS96226605,96226605
BW9041GREY_DRS-S,BNWMDRSS96226603,96226603
BW9041GREY_DRS-XL,BNWMDRSS96226609,96226609
BW9041GREY_DRS-XS,BNWMDRSS96226600,96226600
BW9041GREY_DRS-XXL,BNWMDRSS96226610,96226610
BW9041RUST_DRS-L,BNWMDRSS96226626,96226626
BW9041RUST_DRS-M,BNWMDRSS96226625,96226625
BW9041RUST_DRS-S,BNWMDRSS96226624,96226624
BW9041RUST_DRS-XL,BNWMDRSS96226627,96226627
BW9041RUST_DRS-XS,BNWMDRSS96226623,96226623
BW9041RUST_DRS-XXL,BNWMDRSS96226628,96226628
BW9043_RED_SKD-S,BNWMKASS98565577,98565577
BW9043_RED_SKD-XL,BNWMKASS98565580,98565580
BW9043_RED_SKD-XXL,BNWMKASS98565581,98565581
BW9043_YLO_SKD-L,BNWMKASS98335961,98335961
BW9043_YLO_SKD-M,BNWMKASS98335960,98335960
BW9043_YLO_SKD-S,BNWMKASS98335959,98335959
BW9043_YLO_SKD-XL,BNWMKASS98335962,98335962
BW9043_YLO_SKD-XXL,BNWMKASS98335963,98335963
BW9044_BLK_SKD-L,BNWMKASS98335966,98335966
BW9044_BLK_SKD-M,BNWMKASS98335965,98335965
BW9044_BLK_SKD-S,BNWMKASS98335964,98335964
BW9044_BLK_SKD-XL,BNWMKASS98335967,98335967
BW9044_BLK_SKD-XXL,BNWMKASS98335968,98335968
BW9044_FCS_SKD-L,BNWMKASS98335941,98335941
BW9044_FCS_SKD-M,BNWMKASS98335940,98335940
BW9044_FCS_SKD-S,BNWMKASS98335939,98335939
BW9044_FCS_SKD-XL,BNWMKASS98335942,98335942
BW9044_FCS_SKD-XXL,BNWMKASS98335944,98335944
BW9046_BLK_COD-L,BNWMCOORD98322124,98322124
BW9046_BLK_COD-M,BNWMCOORD98322122,98322122
BW9046_BLK_COD-S,BNWMCOORD98322120,98322120
BW9046_BLK_COD-XL,BNWMCOORD98322126,98322126
BW9046_BLK_COD-XS,BNWMCOORD98322118,98322118
BW9046_BLK_COD-XXL,BNWMCOORD98322128,98322128
BW9046_RBL_COD-M,BNWMCOORD98322123,98322123
BW9046_RBL_COD-XL,BNWMCOORD98322127,98322127
BW9046_RBL_COD-XS,BNWMCOORD98322119,98322119
BW9046_RBL_COD-XXL,BNWMCOORD98322129,98322129
BW9047_PNK_SKD-L,BNWMKASS98050454,98050454
BW9047_PNK_SKD-M,BNWMKASS98050452,98050452
BW9047_PNK_SKD-S,BNWMKASS98050451,98050451
BW9047_PNK_SKD-XL,BNWMKASS98050456,98050456
BW9047_PNK_SKD-XXL,BNWMKASS98050458,98050458
BW9047_YLO_SKD-S,BNWMKASS98050500,98050500
BW9047_YLO_SKD-XL,BNWMKASS98050503,98050503
BW9047_YLO_SKD-XXL,BNWMKASS98050504,98050504
BW9048_BLK_SKD-M,BNWMKASS98050506,98050506
BW9048_BLK_SKD-S,BNWMKASS98050505,98050505
BW9048_BLK_SKD-XL,BNWMKASS98050508,98050508
BW9048_GRN_SKD-M,BNWMKASS98050481,98050481
BW9048_GRN_SKD-S,BNWMKASS98050480,98050480
BW9048_GRN_SKD-XL,BNWMKASS98050483,98050483
BW9048_GRN_SKD-XXL,BNWMKASS98050484,98050484
BW9049_PPL_SKD-M,BNWMKASS98050471,98050471
BW9049_PPL_SKD-S,BNWMKASS98050470,98050470
BW9049_PPL_SKD-XL,BNWMKASS98050473,98050473
BW9049_RED_SKD-L,BNWMKASS98050492,98050492
BW9049_RED_SKD-M,BNWMKASS98050491,98050491
BW9049_RED_SKD-S,BNWMKASS98050490,98050490
BW9049_RED_SKD-XL,BNWMKASS98050493,98050493
BW9049_RED_SKD-XXL,BNWMKASS98050494,98050494
BW9050_FCS_COD-L,BNWMCOORD98322246,98322246
BW9050_FCS_COD-M,BNWMCOORD98322245,98322245
BW9050_FCS_COD-S,BNWMCOORD98322244,98322244
BW9050_FCS_COD-XL,BNWMCOORD98322247,98322247
BW9050_FCS_COD-XS,BNWMCOORD98322243,98322243
BW9050_FCS_COD-XXL,BNWMCOORD98322248,98322248
BW9050_PPL_COD-S,BNWMCOORD98322220,98322220
BW9050_PPL_COD-XS,BNWMCOORD98322218,98322218
BW9050_PPL_COD-XXL,BNWMCOORD98322230,98322230
BW9051_LAV_SKD-L,BNWMKASS98050462,98050462
BW9051_LAV_SKD-M,BNWMKASS98050461,98050461
BW9051_LAV_SKD-S,BNWMKASS98050460,98050460
BW9051_LAV_SKD-XL,BNWMKASS98050463,98050463
BW9051_LAV_SKD-XXL,BNWMKASS98050464,98050464
BW9051_PCH_SKD-L,BNWMKASS98050497,98050497
BW9051_PCH_SKD-M,BNWMKASS98050496,98050496
BW9051_PCH_SKD-S,BNWMKASS98050495,98050495
BW9051_PCH_SKD-XL,BNWMKASS98050498,98050498
BW9051_PCH_SKD-XXL,BNWMKASS98050499,98050499
BW9052_LAV_SKD-L,BNWMKASS98050487,98050487
BW9052_LAV_SKD-M,BNWMKASS98050486,98050486
BW9052_LAV_SKD-S,BNWMKASS98050485,98050485
BW9052_LAV_SKD-XL,BNWMKASS98050488,98050488
BW9052_LAV_SKD-XXL,BNWMKASS98050489,98050489
BW9052_OFW_SKD-L,BNWMKASS98050477,98050477
BW9052_OFW_SKD-M,BNWMKASS98050476,98050476
BW9052_OFW_SKD-S,BNWMKASS98050475,98050475
BW9052_OFW_SKD-XL,BNWMKASS98050478,98050478
BW9052_OFW_SKD-XXL,BNWMKASS98050479,98050479
BW9053_RED_SKD-L-NS,BNWMKASS100867848,100867848
BW9053_RED_SKD-M-NS,BNWMKASS100867847,100867847
BW9053_RED_SKD-XL-NS,BNWMKASS100867849,100867849
BW9053_RED_SKD-XXL-NS,BNWMKASS100867850,100867850
BW9054_MUST_SKD-L,BNWMKASS98050512,98050512
BW9054_MUST_SKD-M,BNWMKASS98050511,98050511
BW9054_MUST_SKD-S,BNWMKASS98050510,98050510
BW9054_MUST_SKD-XL,BNWMKASS98050513,98050513
BW9054_MUST_SKD-XXL,BNWMKASS98050514,98050514
BW9054_PPL_SKD-L,BNWMKASS98050467,98050467
BW9054_PPL_SKD-M,BNWMKASS98050466,98050466
BW9054_PPL_SKD-S,BNWMKASS98050465,98050465
BW9054_PPL_SKD-XL,BNWMKASS98050468,98050468
BW9054_PPL_SKD-XXL,BNWMKASS98050469,98050469
BW9056_OFW_DRS-L,BNWMDRSS98316159,98316159
BW9056_OFW_DRS-M,BNWMDRSS98316158,98316158
BW9056_OFW_DRS-S,BNWMDRSS98316157,98316157
BW9056_OFW_DRS-XL,BNWMDRSS98316160,98316160
BW9056_OFW_DRS-XXL,BNWMDRSS98316161,98316161
BW9056_RED_DRS-L,BNWMDRSS98316147,98316147
BW9056_RED_DRS-M,BNWMDRSS98316146,98316146
BW9056_RED_DRS-S,BNWMDRSS98316145,98316145
BW9056_RED_DRS-XL,BNWMDRSS98316148,98316148
BW9056_RED_DRS-XXL,BNWMDRSS98316149,98316149
BW9057_GRE_DRS-L,BNWMDRSS98316170,98316170
BW9057_GRE_DRS-M,BNWMDRSS98316169,98316169
BW9057_GRE_DRS-S,BNWMDRSS98316168,98316168
BW9057_GRE_DRS-XL,BNWMDRSS98316171,98316171
BW9057_GRE_DRS-XXL,BNWMDRSS98316172,98316172
BW9057_PNK_DRS-L,BNWMDRSS98316164,98316164
BW9057_PNK_DRS-M,BNWMDRSS98316163,98316163
BW9057_PNK_DRS-S,BNWMDRSS98316162,98316162
BW9057_PNK_DRS-XL,BNWMDRSS98316165,98316165
BW9057_PNK_DRS-XXL,BNWMDRSS98316166,98316166
BW9061_PNK_SKD-L,BNWMKASS98565663,98565663
BW9061_PNK_SKD-S,BNWMKASS98565661,98565661
BW9061_PNK_SKD-XL,BNWMKASS98565664,98565664
BW9061_PNK_SKD-XXL,BNWMKASS98565665,98565665
BW9061_TEL_SKD-L,BNWMKASS98565480,98565480
BW9061_TEL_SKD-S,BNWMKASS98565478,98565478
BW9061_TEL_SKD-XXL,BNWMKASS98565482,98565482
BW9062_FCS_SKD-L,BNWMKASS98565675,98565675
BW9062_FCS_SKD-M,BNWMKASS98565673,98565673
BW9062_FCS_SKD-S,BNWMKASS98565672,98565672
BW9062_FCS_SKD-XL,BNWMKASS98565676,98565676
BW9062_FCS_SKD-XXL,BNWMKASS98565678,98565678
BW9062_PPL_SKD-L,BNWMKASS98565692,98565692
BW9062_PPL_SKD-M,BNWMKASS98565690,98565690
BW9062_PPL_SKD-S,BNWMKASS98565688,98565688
BW9062_PPL_SKD-XL,BNWMKASS98565693,98565693
BW9062_PPL_SKD-XXL,BNWMKASS98565695,98565695
BW9063_BRN_SKD-L,BNWMKASS98335952,98335952
BW9063_BRN_SKD-M,BNWMKASS98335951,98335951
BW9063_BRN_SKD-S,BNWMKASS98335949,98335949
BW9063_BRN_SKD-XL,BNWMKASS98335954,98335954
BW9063_BRN_SKD-XXL,BNWMKASS98335955,98335955
BW9063_PPL_SKD-L,BNWMKASS98335946,98335946
BW9063_PPL_SKD-M,BNWMKASS98335945,98335945
BW9063_PPL_SKD-S,BNWMKASS98335943,98335943
BW9063_PPL_SKD-XL,BNWMKASS98335947,98335947
BW9063_PPL_SKD-XXL,BNWMKASS98335948,98335948
BW9064_PCH_COD-M,BNWMCOORD98891987,98891987
BW9064_PCH_COD-S,BNWMCOORD98891986,98891986
BW9064_PCH_COD-XL,BNWMCOORD98891989,98891989
BW9064_PCH_COD-XS,BNWMCOORD98891985,98891985
BW9064_PCH_COD-XXL,BNWMCOORD98891990,98891990
BW9064_PPL_COD-L,BNWMCOORD98892003,98892003
BW9064_PPL_COD-M,BNWMCOORD98892002,98892002
BW9064_PPL_COD-S,BNWMCOORD98892001,98892001
BW9064_PPL_COD-XL,BNWMCOORD98892004,98892004
BW9064_PPL_COD-XS,BNWMCOORD98892000,98892000
BW9064_PPL_COD-XXL,BNWMCOORD98892005,98892005
BW9065_BRN_COD-L,BNWMCOORD98892033,98892033
BW9065_BRN_COD-M,BNWMCOORD98892032,98892032
BW9065_BRN_COD-S,BNWMCOORD98892031,98892031
BW9065_BRN_COD-XL,BNWMCOORD98892034,98892034
BW9065_BRN_COD-XXL,BNWMCOORD98892035,98892035
BW9066_RST_SKD-M,BNWMKASS100770297,100770297
BW9066_RST_SKD-XXL,BNWMKASS100770300,100770300
BW9067_TURQ_SKD-L,BNWMKASS100769902,100769902
BW9067_TURQ_SKD-M,BNWMKASS100769901,100769901
BW9067_TURQ_SKD-XL,BNWMKASS100769903,100769903
BW9067_TURQ_SKD-XXL,BNWMKASS100769904,100769904
BW9070_MST_SKD-XXL,BNWMKASS100769885,100769885
BW9071_BLU_SKD-L,BNWMKASS100769849,100769849
BW9071_BLU_SKD-S,BNWMKASS100769847,100769847
BW9071_BLU_SKD-XL,BNWMKASS100769851,100769851
BW9071_BLU_SKD-XXL,BNWMKASS100769852,100769852
BW9071_PNK_SKD-L,BNWMKASS100770303,100770303
BW9071_PNK_SKD-M,BNWMKASS100770302,100770302
BW9071_PNK_SKD-S,BNWMKASS100770301,100770301
BW9071_PNK_SKD-XL,BNWMKASS100770304,100770304
BW9071_PNK_SKD-XXL,BNWMKASS100770305,100770305
BW9072_GRE_COD-L,BNWMCOORD102174521,102174521
BW9072_GRE_COD-M,BNWMCOORD102174520,102174520
BW9072_GRE_COD-S,BNWMCOORD102174519,102174519
BW9072_GRE_COD-XL,BNWMCOORD102174522,102174522
BW9072_GRE_COD-XS,#N/A,#N/A
BW9072_GRE_COD-XXL,BNWMCOORD102174523,102174523
BW9072_PNK_COD-L,BNWMCOORD100848578,100848578
BW9072_PNK_COD-M,BNWMCOORD100848577,100848577
BW9072_PNK_COD-S,BNWMCOORD100848576,100848576
BW9072_PNK_COD-XL,BNWMCOORD100848579,100848579
BW9072_PNK_COD-XS,BNWMCOORD100848575,100848575
BW9072_PNK_COD-XXL,BNWMCOORD100848580,100848580
BW9073_PNK_SKD-XL,BNWMKASS100840771,100840771
BW9073_PNK_SKD-XXL,BNWMKASS100840772,100840772
BW9075_GRE_SKD-L,BNWMKASS100829026,100829026
BW9075_GRE_SKD-M,BNWMKASS100829025,100829025
BW9075_GRE_SKD-S,BNWMKASS100829024,100829024
BW9075_GRE_SKD-XL,BNWMKASS100829027,100829027
BW9075_GRE_SKD-XXL,BNWMKASS100829028,100829028
BW9075_WIN_SKD-L,BNWMKASS100829006,100829006
BW9075_WIN_SKD-M,BNWMKASS100829005,100829005
BW9075_WIN_SKD-S,BNWMKASS100829004,100829004
BW9075_WIN_SKD-XL,BNWMKASS100829007,100829007
BW9075_WIN_SKD-XXL,BNWMKASS100829008,100829008
BW9076_OFW_SKD-L,BNWMKASS100770290,100770290
BW9076_OFW_SKD-XL,BNWMKASS100770291,100770291
BW9076_OFW_SKD-XS,BNWMKASS100770287,100770287
BW9076_OFW_SKD-XXL,BNWMKASS100770292,100770292
BW9079_GRN_SKD-L,BNWMKASS100829016,100829016
BW9079_GRN_SKD-M,BNWMKASS100829015,100829015
BW9079_GRN_SKD-S,BNWMKASS100829014,100829014
BW9079_GRN_SKD-XL,BNWMKASS100829017,100829017
BW9079_GRN_SKD-XXL,BNWMKASS100829018,100829018
BW9079_PPL_SKD-L,BNWMKASS100829021,100829021
BW9079_PPL_SKD-M,BNWMKASS100829020,100829020
BW9079_PPL_SKD-S,BNWMKASS100829019,100829019
BW9079_PPL_SKD-XL,BNWMKASS100829022,100829022
BW9079_PPL_SKD-XXL,BNWMKASS100829023,100829023
BW9080_MST_COD-L,BNWMCOORD100848601,100848601
BW9080_MST_COD-M,BNWMCOORD100848600,100848600
BW9080_MST_COD-S,BNWMCOORD100848599,100848599
BW9080_MST_COD-XL,BNWMCOORD100848602,100848602
BW9080_MST_COD-XS,BNWMCOORD104028384,104028384
BW9080_MST_COD-XXL,BNWMCOORD100848603,100848603
BW9080_PNK_COD-L,BNWMCOORD100848631,100848631
BW9080_PNK_COD-M,BNWMCOORD100848630,100848630
BW9080_PNK_COD-S,BNWMCOORD100848629,100848629
BW9080_PNK_COD-XL,BNWMCOORD100848632,100848632
BW9080_PNK_COD-XS,BNWMCOORD104028408,104028408
BW9080_PNK_COD-XXL,BNWMCOORD100848633,100848633
BW9081_YEL_SKD-L,BNWMKASS100769869,100769869
BW9082_BLU_SKD-L,BNWMKASS100829011,100829011
BW9082_BLU_SKD-M,BNWMKASS100829010,100829010
BW9082_BLU_SKD-S,BNWMKASS100829009,100829009
BW9082_BLU_SKD-XL,BNWMKASS100829012,100829012
BW9082_BLU_SKD-XXL,BNWMKASS100829013,100829013
BW9084_GRN_COD-L,BNWMCOORD100848624,100848624
BW9084_GRN_COD-M,BNWMCOORD100848623,100848623
BW9084_GRN_COD-S,BNWMCOORD100848622,100848622
BW9084_GRN_COD-XL,BNWMCOORD100848625,100848625
BW9084_GRN_COD-XS,BNWMCOORD104028383,104028383
BW9084_GRN_COD-XXL,BNWMCOORD100848626,100848626
BW9084_PPL_COD-L,BNWMCOORD100848564,100848564
BW9084_PPL_COD-M,BNWMCOORD100848563,100848563
BW9084_PPL_COD-S,BNWMCOORD100848562,100848562
BW9084_PPL_COD-XL,BNWMCOORD100848565,100848565
BW9084_PPL_COD-XS,BNWMCOORD104028385,104028385
BW9084_PPL_COD-XXL,BNWMCOORD100848566,100848566
BW9085_RST_COD-L,BNWMCOORD100848592,100848592
BW9085_RST_COD-M,BNWMCOORD100848591,100848591
BW9085_RST_COD-XL,BNWMCOORD100848593,100848593
BW9086_GRN_DRS-S,BNWMDRSS101025130,101025130
BW9086_GRN_DRS-XL,BNWMDRSS101025133,101025133
BW9086_GRN_DRS-XS,BNWMDRSS101025129,101025129
BW9086_GRN_DRS-XXL,BNWMDRSS101025134,101025134
BW9086_PNK_DRS-L,BNWMDRSS101025126,101025126
BW9086_PNK_DRS-M,BNWMDRSS101025125,101025125
BW9086_PNK_DRS-S,BNWMDRSS101025124,101025124
BW9086_PNK_DRS-XL,BNWMDRSS101025127,101025127
BW9086_PNK_DRS-XS,BNWMDRSS101025123,101025123
BW9086_PNK_DRS-XXL,BNWMDRSS101025128,101025128
BW9092_BLU_SKD-L,BNWMKASS100840721,100840721
BW9092_BLU_SKD-M,BNWMKASS100840720,100840720
BW9092_BLU_SKD-S,BNWMKASS100840719,100840719
BW9092_BLU_SKD-XL,BNWMKASS100840722,100840722
BW9092_BLU_SKD-XXL,BNWMKASS100840723,100840723
BW9092_PNK_SKD-L,BNWMKASS100769921,100769921
BW9092_PNK_SKD-M,BNWMKASS100769919,100769919
BW9092_PNK_SKD-S,BNWMKASS100769917,100769917
BW9092_PNK_SKD-XL,BNWMKASS100769923,100769923
BW9092_PNK_SKD-XXL,BNWMKASS100769924,100769924
BW9093_GRN_SKD-L,BNWMKASS100840737,100840737
BW9093_GRN_SKD-XL,BNWMKASS100840738,100840738
BW9093_GRN_SKD-XXL,BNWMKASS100840739,100840739
BWW011TOP_GREY-L,BNWMTOPS90017480,90017480
BWW011TOP_GREY-M,BNWMTOPS90017476,90017476
BWW011TOP_GREY-S,BNWMTOPS90017472,90017472
BWW011TOP_GREY-XL,BNWMTOPS90017484,90017484
BWW011TOP_GREY-XXL,BNWMTOPS90017490,90017490
BWW011TOP_MRN-L,BNWMTOPS90017482,90017482
BWW011TOP_MRN-M,BNWMTOPS90017478,90017478
BWW011TOP_MRN-S,BNWMTOPS90017474,90017474
BWW011TOP_MRN-XL,BNWMTOPS90017486,90017486
BWW011TOP_MRN-XXL,BNWMTOPS90017488,90017488
BWW011TOP_SPINK-L,BNWMTOPS69294720,69294720
BWW011TOP_SPINK-S,BNWMTOPS69294712,69294712
BWW011TOP_SPINK-XL,BNWMTOPS69294726,69294726
BWW013TOP_DPINK-M,BNWMTOPS69294690,69294690
BWW013TOP_DPINK-XL,BNWMTOPS69294698,69294698
BWW013TOP_DPINK-XXL,BNWMTOPS69294700,69294700
BWW013TOP_ECRU-L,BNWMTOPS69294788,69294788
BWW013TOP_ECRU-XL,BNWMTOPS69294790,69294790
BWW013TOP_ECRU-XXL,BNWMTOPS69294792,69294792
BWW013TOP_GREY-L,BNWMTOPS69294756,69294756
BWW013TOP_GREY-M,BNWMTOPS69294754,69294754
BWW013TOP_GREY-S,BNWMTOPS69294752,69294752
BWW013TOP_GREY-XL,BNWMTOPS69294758,69294758
BWW013TOP_GREY-XXL,BNWMTOPS69294760,69294760
BWW013TOP_SGRN-L,BNWMTOPS69294716,69294716
BWW013TOP_SGRN-M,BNWMTOPS69294714,69294714
BWW013TOP_SGRN-S,BNWMTOPS69294710,69294710
BWW013TOP_SGRN-XL,BNWMTOPS69294722,69294722
BWW013TOP_SGRN-XXL,BNWMTOPS69294724,69294724
BWW014BLK_TUN-M,BNWMTNIC71203250,71203250
BWW014BLK_TUN-S,BNWMTNIC71203246,71203246
BWW014BLK_TUN-XS,BNWMTNIC104536953,104536953
BWW014BLK_TUN-XXL,BNWMTNIC71203260,71203260
BWW014HPINK_TUN-L,BNWMTNIC71203270,71203270
BWW014HPINK_TUN-M,BNWMTNIC71203268,71203268
BWW014HPINK_TUN-S,BNWMTNIC71203266,71203266
BWW014HPINK_TUN-XL,BNWMTNIC71203272,71203272
BWW014HPINK_TUN-XS,BNWMTNIC104536955,104536955
BWW014HPINK_TUN-XXL,BNWMTNIC71203274,71203274
BWW014LAV_TUN-S,BNWMTNIC71203276,71203276
BWW014LAV_TUN-XS,BNWMTNIC104536954,104536954
BWW014SGRN_TUN-S,BNWMTNIC71203248,71203248
BWW014SGRN_TUN-XS,BNWMTNIC104536956,104536956
BWW015TOP_BLK-L,BNWMTOPS72080568,72080568
BWW015TOP_BLK-M,BNWMTOPS72080566,72080566
BWW015TOP_BLK-S,BNWMTOPS72080564,72080564
BWW015TOP_BLK-XL,BNWMTOPS72080570,72080570
BWW015TOP_BLK-XXL,BNWMTOPS72080572,72080572
BWW015TOP_BLUE-L,BNWMTOPS72080548,72080548
BWW015TOP_BLUE-M,BNWMTOPS72080544,72080544
BWW015TOP_BLUE-S,BNWMTOPS72080542,72080542
BWW015TOP_BLUE-XL,BNWMTOPS72080552,72080552
BWW015TOP_BLUE-XS,BNWMTOPS72080538,72080538
BWW015TOP_BLUE-XXL,BNWMTOPS72080556,72080556
BWW015TOP_MUST-L,BNWMTOPS72080554,72080554
BWW015TOP_MUST-M,BNWMTOPS72080550,72080550
BWW015TOP_MUST-XL,BNWMTOPS72080558,72080558
BWW015TOP_MUST-XS,BNWMTOPS72080540,72080540
BWW015TOP_MUST-XXL,BNWMTOPS72080560,72080560
BWW015TOP_RPINK-L,BNWMTOPS72080580,72080580
BWW015TOP_RPINK-M,BNWMTOPS72080578,72080578
BWW015TOP_RPINK-S,BNWMTOPS72080576,72080576
BWW015TOP_RPINK-XL,BNWMTOPS72080582,72080582
BWW015TOP_RPINK-XS,BNWMTOPS72080574,72080574
BWW015TOP_RPINK-XXL,BNWMTOPS72080584,72080584
BWW030MRN_TUN-M,BNWMTNIC90539946,90539946
BWW030MRN_TUN-S,BNWMTNIC90539944,90539944
BWW04TOP_BLK-L,BNWMTOPS65819878,65819878
BWW04TOP_BLK-M,BNWMTOPS65819876,65819876
BWW04TOP_BLK-S,BNWMTOPS65819874,65819874
BWW04TOP_BLK-XL,BNWMTOPS65819880,65819880
BWW04TOP_BLK-XXL,BNWMTOPS65819882,65819882
BWW04TOP_GREY-L,BNWMTOPS65819888,65819888
BWW04TOP_GREY-M,BNWMTOPS65819886,65819886
BWW04TOP_GREY-S,BNWMTOPS65819884,65819884
BWW04TOP_GREY-XL,BNWMTOPS65819890,65819890
BWW04TOP_GREY-XXL,BNWMTOPS65819892,65819892
BWW04TOP_GRN-S,BNWMTOPS67468596,67468596
BWW04TOP_MAUVE-L,BNWMTOPS65819858,65819858
BWW04TOP_MAUVE-M,BNWMTOPS65819856,65819856
BWW04TOP_MAUVE-S,BNWMTOPS65819854,65819854
BWW04TOP_MAUVE-XL,BNWMTOPS65819860,65819860
BWW04TOP_MGNT-L,BNWMTOPS97863737,97863737
BWW04TOP_MGNT-M,BNWMTOPS97863736,97863736
BWW04TOP_MGNT-S,BNWMTOPS97863735,97863735
BWW04TOP_MGNT-XL,BNWMTOPS97863738,97863738
BWW04TOP_MGNT-XS,BNWMTOPS97863734,97863734
BWW04TOP_MGNT-XXL,BNWMTOPS97863739,97863739
BWW04TOP_MUST-L,BNWMTOPS65819848,65819848
BWW04TOP_MUST-M,BNWMTOPS65819846,65819846
BWW04TOP_MUST-S,BNWMTOPS65819844,65819844
BWW04TOP_MUST-XL,BNWMTOPS65819850,65819850
BWW04TOP_RED-L,BNWMTOPS103932908,103932908
BWW04TOP_RED-M,BNWMTOPS103932911,103932911
BWW04TOP_RED-S,BNWMTOPS103932913,103932913
BWW04TOP_RED-XL,BNWMTOPS103932915,103932915
BWW04TOP_RED-XS,BNWMTOPS103932916,103932916
BWW04TOP_RGRN-L,BNWMTOPS79210230,79210230
BWW04TOP_RGRN-M,BNWMTOPS79210228,79210228
BWW04TOP_RGRN-S,BNWMTOPS79210226,79210226
BWW04TOP_RGRN-XL,BNWMTOPS79210232,79210232
BWW04TOP_ROSE-L,BNWMTOPS79210242,79210242
BWW04TOP_ROSE-M,BNWMTOPS79210240,79210240
BWW04TOP_ROSE-S,BNWMTOPS79210238,79210238
BWW04TOP_ROSE-XL,BNWMTOPS79210244,79210244
BWW04TOP_ROSE-XS,BNWMTOPS79210236,79210236
BWW04TOP_ROSE-XXL,BNWMTOPS79210246,79210246
BWW04TOP_TURQ-S,BNWMTOPS67468586,67468586
BWW04TOP_TURQ-XL,BNWMTOPS67468592,67468592
BWW04TOP_TURQ-XXL,BNWMTOPS67468594,67468594
BWW04TOP_WINE-L,BNWMTOPS67468606,67468606
BWW04TOP_WINE-M,BNWMTOPS67468602,67468602
BWW04TOP_WINE-S,BNWMTOPS67468598,67468598
BWW04TOP_WINE-XL,BNWMTOPS67468610,67468610
BWW04TOP_WINE-XXL,BNWMTOPS67468614,67468614
BWW04TOP_YELL-L,BNWMTOPS79210214,79210214
BWW04TOP_YELL-M,BNWMTOPS79210212,79210212
BWW04TOP_YELL-S,BNWMTOPS79210210,79210210
BWW04TOP_YELL-XL,BNWMTOPS79210216,79210216
BWW04TOP_YELL-XS,BNWMTOPS79210208,79210208
BWW04TOP_YELL-XXL,BNWMTOPS79210218,79210218
